source,year,title,grade,content
redacoes_uol,2019,Um réu deve ou não ser preso após a condenação em 2ª. instância?  ,0,"Assunto que repercute de forma constante nos atuais veículos de informações da atualidade tem gerado uma problematização constante, devido as opiniões opostas. O tema que concentra as atenções populares a espera de uma decisão, estão voltados ao Poder Judiciário.Que debatem se o réu deve ou não, ser preso após condenação em 2º instância.Por outro lado existem aqueles que defendem a posição de quem deve avançar o processo até o esgotamento de possibilidades do réu provar sua inocência. Para que então o acusado tenha sua ampla defesa e o devido processo legal.Todavia , o fato de se ter prolongado o processo por 2 níveis judiciários de julgamento, está mais do que provado a decisão dos juízes em indeferir o caso do acusado, além do mais acaba contribuindo pela celeridade do processo nos tribunais e não fomentar a impunibilidade que existe devido ao réu não ser considerado culpado até o transito julgado da sentença penal condenatória.Por trás do fato há detentores da opinião de que o Brasil é um país retrógado e impunível pelas leis e o sistema jurídico atuais que beneficiam os acusados e sentenciados, ficando assim distante de países onde as leis são severas e os índices de criminalidades são baixos.Contudo para que o Brasil possa chegar a notoriedade de um país soberano e justo, devemos nos conscientizar de que tudo começa pela aplicabilidade de normas impostas seja elas de direito oferecido e dever imposto."
redacoes_uol,2020,Qualificação e o futuro do emprego,220,"Hoje em dia a taxa de desemprego esta muito alta, isso é fato, mas não acho que seja realmente por falta de oportunidades, mas sim por falta de qualificação, existem muitos desempregados hoje, imagina futuramente! Parte da população hoje não possui ensino superior, o que ja é bem exigido, entre pessoas que tem ensino superior e pessoas que tem uma pós graduação , provavelmente vai contratar a pessoa que tem uma pós graduação .Agora vamos falar do futuro que nós espera. Estamos no século da tecnologia e inovação onde cada vez mais maquinas ocupam o lugar de alguém, não só por falta de qualificação, mas também pela substituição de pessoas por maquinas . Também acho importante destacar que isso não so por deixar uma pessoa desempregada mas também faz com que á empresa economise dinheiro e tempo, sendo assim possa produzir mais.Para finalizar acho importante dizer então que futuramente sem qualificação, o desemprego tenha uma taxa bem mais elevada que atualmente. Espero que as pessoas dê mais valor para os estudos, já que atualmente a taxa de jovens sem estudos é bem alta."
redacoes_uol,2020,Qualificação e o futuro do emprego,480,"Anos após anos, uma vaga de emprego demandar cada vez mais qualificações do empregado, que na maioria das vezes concluíram, o curso superior e são incapazes de trabalha nesse ramo e optam opta por um emprego informal. Esse fenômeno ocorre porque o mercado de trabalho se modifica constantemente de maneira que algumas profissões são extintas, pois são ocupadas por máquinas.

No O filme ""Estrelas além do Tempo"", de 2016, contar a história de três calculadoras humanas, que eram muito requisitadas por centros de pesquisa, antes dos surgimentos das modernas calculadoras eletrônicas e dos computadores. No longa-metragem, vemos a personagem Dorothy Vougham que ao saber que a Nasa tinha comprado um novo computador que fazia 24mil cálculos por segundo, o que colocava seu emprego em risco, Dorothy resolveu aprender a programar esse mesmo computador e ensinar suas companheiras.

No mercado de trabalho e necessário está sempre se adaptando, pois ele e instável fazendo com que algumas profissões sumam, enquanto novas apareçam como gestores de mídias sociais."
redacoes_uol,2020,Qualificação e o futuro do emprego,400,"Muito se discute o crescimento desenfreado do desemprego no Brasil, decorrência do aumento da força de trabalho e a preocupante substituição do serviço humano por máquinas. 

Registros apontam que o crescimento populacional afeta na criação de empregos para os recém chegados ao mercado de trabalho, fazendo com que essas pessoas procurem uma maneira mais fácil de ganhar na vida, buscando suprir suas necessidades no crime.

Ademais, a procura por emprego se torna ainda mais difícil por conta da crescente substituição do trabalho humano por máquinas e inovações tecnológicas. Futuramente as vagas só surgirão para quem tem uma alta qualificação, gerando um grande número de trabalhadores incapazes.

Tendo em vista os argumentos apresentados, fica claro que essa situação não evidência uma solução de curto prazo. Cabe às instituições de ensino investir, de fato, em uma boa formação, inserindo pessoas qualificadas ao mercado de trabalho. E por fim, cabe à sociedade dar as mesmas oportunidades para todos e cuidar para que esse erro não se repita no futuro."
redacoes_uol,2020,Qualificação e o futuro do emprego,600,"O mercado de trabalho está sofrendo mudanças, e apesar de investimento em educação, não estão sendo elaboradas estratégias pra para adaptar profissionais nesse novo cenário. Os jovens quase não tem noções sobre o novo mercado de trabalho voltado para setores tecnológicos deixando muitos a margem de uma boa qualidade de vida.

Tal fato causa também decadência no índice de desenvolvimento dos países, como o Brasil que é tecnologicamente atrasado. Devido à extinção de profissões na troca da mão de obra humana pela máquina, é preciso buscar capacitação nos empregos que estão surgindo.

No Brasil são ensinadas nas escolas apenas as disciplinas essenciais de forma arcaica , sem esclarecimento sobre o perfil profissional através de professores pouco competentes. Isso acontece principalmente nas regiões mais carentes, o que leva os indivíduos entre outros fatores, não obterem boa formação escolar, recorrerem a sub empregos e não buscar qualificação. 

É necessário que os países, principalmente os menos desenvolvidos elaborem projetos de reestruturação em seus sistemas de educação, desenvolvendo ideias mutuamente entre seus aliados e associações de nações como o BRICS, investindo em pesquisa e intercâmbio de conhecimento para capacitar os jovens nas vagas mais demandadas, diminuindo o número de desempregados efetivamente."
redacoes_uol,2020,Qualificação e o futuro do emprego,560,"À medida que a humanidade se torna mais consciente em relação às novas mudanças provocadas em larga escala pelo desenvolvimento de novas tecnologias faz-se necessário que outras formas de reinvenção do trabalho sejam discutidas. Vivemos em um estágio crítico onde a mão de obra humana está ameaçada por suas próprias invenções, o que alguns especialistas chamam de revolução tecnológica.

Dados oficiais sobre o número de desempregados no Brasil aponta um cenário alarmante, cerca de 12 milhões de desempregados. As modalidades de trabalho visam atualmente cada vez mais aderir à tecnologia automatizada, embora em grande parte não seja completamente, pois ainda se exige a presença de profissionais operando de forma parcial dividindo assim a força de trabalho, embora já existam ""empresas 100% tecnológicas"".

Analisando de forma crítica podemos imaginar um futuro nada otimista para algumas profissões que certamente serão substituídas pelo trabalho inteligente das últimas invenções modernas. Espera-se que profissionais se adequem às novas tendências do mercado.

No entanto, ainda é possível segundo especialistas que estudam o mercado reverter esse quadro com uma atitude simples, reinventar a educação. Para isso alguns passos podem ser adotados , como exemplo estudar novas formas de negócios voltados para o futuro digital, se adequar à novas tecnologias de educação profissional, visando estar atualizado(a) e/ou capacitado(a) para um futuro no qual o mercado de trabalho será cada vez mais seletivo."
redacoes_uol,2020,Qualificação e o futuro do emprego,400,"A Qualificação e o futuro do emprego estão cada vez mais preocupantes e eles são importantes para que nosso país saia dessa crise de desemprego, Cerca de 12 milhões de pessoas atualmente estão desempregadas, por isso que o futuro é tão preocupante para alguns.

Por tanto é importante ressaltar que uma qualificação em alguma área e o ensino medio completo é essencial para que a pessoa consiga um emprego, muitas vezes as empresas deixam de contratar o funcionário por conta de seu currículo não ter nenhuma qualificação.

Atualmente a tecnologia é uma das ferramentas mais usadas, hoje em dia conseguimos fazer praticamente tudo com ela, porém o excesso dela pode ocasionar muitos problemas, um deles é a falta de emprego por conta de ser algo mais robotico e agil. Infelizmente em outros países esse método já foi adotado nos mercados e industrias , substituindo o funcionário por algo mais moderno que para o empregador daria menos gastos, esse avanço da tecnologia ainda está em andamento em nosso país.

Portanto, podemos concluir que uma qualificação é muito importante nos dias atuais, e a questão do emprego, deveriam criar mais empregos para suportar o numero de população de desempregados e não substituir los por maquinas"
redacoes_uol,2020,Qualificação e o futuro do emprego,0,"No que se refere aos avanços tecnológicos no Brasil, nota-se que, atingiu diretamente à população em seu meio social, na qual, trouxe diversos benefícios e malefícios para os usuários. Em contrapartida, essa realidade impôs novos desafios para a sociedade contemporânea.

Nesse contexto, é conveniente destacar, que muitos indivíduos até mesmo crianças, estão sujeitas a manipulações, que pode ser inadequadas. Infelizmente, como há pessoas de má conduta que utiliza a internet para atraí pessoas fragilizados, é de fundamental importância o acompanhamento familiar.

Cabe ainda ressaltar, que ressaltar que tal meio se transforma em uma forma de lazer para todos os indivíduos, e com os avanços tecnológicos, irá conduzir mais ainda os telespectadores através dos seus gostos."
redacoes_uol,2020,Qualificação e o futuro do emprego,400,"Sabe-se que a era da revolução técnico-científica-informacional trouxe Profundas mudanças nos novos paradigmas sociais; pode-se mencionar a redução no numero de ofertas de empregos e também a demanda por pessoas qualificadas para atenderem os novos postos de trabalhos, já que o mesmo está sendo operado por máquinas. Portanto, observa-se que o mercado de trabalho ficou cada vez mais exigentes e novos postos de trabalho requerem boas qualificações para admissão, assim elevando o desemprego.

Por conseguinte, se constata uns percentuais números de pessoas que estão desempregadas ou em situações de subempregos, isso se deve há múltiplos fatores, o baixo nível escolar, desqualificação profissional e etc. Todavia, tais requisitos tendem resultarem no desencadeamento do desemprego, e por não atenderem as exigências postas no mercado de trabalhos se acentuaram os problemas de caráter sociais resultante do desempregos exacerbado.

Assim, cabe ressaltar que o desemprego foi surgindo na medida em que se acentuou uma gama de pessoas nas cidades, movido pelas melhorias nas condições de vidas que as zona urbana poderia proporcionar e também pela repulsão dos agricultores que não conseguiram se mantiver a sua sustentabilidade no rural, se obrigou a sair para buscarem melhores condições de vida, isso aliado às questões agrárias que foram importantíssimas para intensificar êxodo rural.

Contudo, os diversos são os fatores que podem desenvolver os desempregos, mas cabem às autoridades intervierem em tais problemas, tentando solucionar ou sanar. Portanto é relevante que os governantes do país priorizarem as políticas públicas para que tentar-se atenuarem o desemprego demasiado, investir mais na educação, impulsionar a economia do país para hajam novos postos de trabalhos e assim facilitarem o emprego a todos, sem exclusão."
redacoes_uol,2019,Agrotóxicos ou defensivos agrícolas: dois nomes e uma polêmica,560,É notório que a legalização sem limites dos pestic…ribuir para uma produção mais segura e eficiente.
redacoes_uol,2020,Apropriação cultural: tão necessária quanto natural,880,"Todos os anos, foliões vão as ruas fantasiados ou utilizando simbolos das mais diversas culturas como a indígena por exemplo. Uma simples tradição, que no entanto vira polêmica por aqueles que não aprovam essa prática, alegando ser desrespeitosa e perpetuacão de estereótipos, alcunhando a prática de apropriação cultural. Todavia esses se esquecem que uso desses símbolos é um fenômeno não apenas natural e espontâneo como também benéfico para uma sociedade.Primeiramente, é importante pontuar que a cultura de um povo não é algo fechado e restrito, pelo contrário, é um processo dinâmico sujeito a mudanças no decorrer do tempo. O intercambio cultural entre povos é um fenômeno que permeou toda a história da civilização. A cultura ocidental é resultados das trocas culturais que se originaram do período helenístico. Outro exemplo se dá na formação da rica e diversificada cultura brasileira construída sobre o tripé do povo indígenas, africana e europeia .Além disso, o uso desses símbolos representa uma forma de preservação da memória histórica de um povo. Durante o carnaval, os blocos de rua e desfiles de escolas de samba cumprem esse papel homenageando as diversas culturas por meio dos figurinos e enredos com mensagens de união e tolerância promovendo assim um belo espetáculo. Outro exemplo é a capoeira, uma prática originada dos escravizados que se difundiu no país e hoje representa a luta daquele povo contra o regime escravagista. Dessa forma a assimilação de culturas presente nessas manifestações promove inclusão e memória histórica.Desse modo, fica evidente que a crítica negativa ao uso de fantasias não faz sentido diante a natureza espontânea desse processo. Ademais, não considera a importância da apropriação cultural à medida que contribui para o amadurecimento de uma sociedade. Sendo assim, o folião pode celebrar ainda mais sabendo que a fantasia de índio não é instrumento de depreciação mas sim de representatividade."
enem_brasilEscola,2020,O estigma associado às doenças mentais na sociedade brasileira,1000,"No filme estadunidense “Joker”, estrelado por Joaquin Phoenix, é retratado a vida de Arthur Fleck, um homem que, em virtude de sua doença mental, é esquecido e discriminado pela sociedade, acarretando, inclusive, piora no seu quadro clínico. Assim, como na obra cinematográfica abordada, observa-se que, na conjuntura brasileira contemporânea, devido a conceitos preconceituosos perpetuados ao longo da história humana, há um estigma relacionado aos transtornos mentais, uma vez que os indivíduos que sofrem dessas condições são marginalizados. Ademais, é preciso salientar, ainda, que a sociedade atual carece de informações a respeito de tal assunto, o que gera um estranhamento em torno da questão.

Em primeiro lugar, faz-se necessário mencionar o período da Idade Média, na Europa, em que os doentes mentais eram vistos como serem demoníacos, já que, naquela época, não havia estudos acerca dessa temática e, consequentemente, ideais absurdas eram disseminadas como verdades. É perceptível, então, que existe uma raiz histórica para o estigma atual vivenciado por pessoas que têm transtornos mentais, ocasionando um intenso preconceito e exclusão. Outrossim, não se pode esquecer de que, graças aos fatos supracitados, tais indivíduos recebem rótulos mentirosos, como, por exemplo, o estereótipo de que todos que possuem problemas psicológicos são incapazes de manter relacionamentos saudáveis, ou seja, não conseguem interagir com outros seres humanos de forma plena. Fica claro, pois, que as doenças mentais são tratadas de forma equivocada, ferindo a dignidade de toda a população.

Em segundo lugar, ressalta-se que já, no Brasil, uma evidente falta de informações sobre transtornos mentais, fomentando grande preconceito e estranhamento com essas doenças. Nesse sentido, é lícito referenciar o filósofo grego Platão, que, em sua obra à República, narrou o intitulado “Mito da Caverna”, no qual homens, acorrentados em uma caverna, viam somente sombras na parede, acreditando, portanto, que aquilo era a realidade das coisas. Dessa forma, é notório que, em situação análoga à metáfora abordada, os brasileiros, sem acesso aos conhecimentos acerca dos transtornos mentais, vivem na escuridão, isto é, ignorância, disseminando atitudes preconceituosas. Logo, é evidente a grande importância das informações, haja vista que a falta delas aumenta o estigma relacionado às doenças mentais, prejudicando a qualidade de vida das pessoas que sofrem com tais transtornos.

Destarte, medidas são necessárias para resolver os problemas discutidos. Isto posto, cabe à escola, forte ferramenta de formação de opinião, realizar rodas de conversa com os alunos sobre a problemática do preconceito com os transtornos mentais, além de trazer informações científicas sobre tal questão. Essa ação pode se concretizar por meio da atuação de psiquiatras e professores de sociologia, estes irão desconstruir a visão discriminatória dos estudantes, enquanto que aqueles irão mostrar dados/informações relevantes sobre as doenças psiquiátricas. Espera-se, com essa medida, que o estigma associado às doenças mentais seja paulatinamente erradicado. "
enem_brasilEscola,2020,O estigma associado às doenças mentais na sociedade brasileira,1000,"O Filme O Coringa retrata a história de um homem que possui uma doença mental e, por não possuir atendimento psiquiátrico adequado, ocorre o agravamento do seu quadro clínico. Com essa abordagem, a obra revela a importância da saúde psicológica para um bom convívio social. Hodiernamente, fora da ficção, muitos brasileiros enfrentam situação semelhante, o que colabora para a piora da saúde populacional e para a persistência do estigma relacionado à doença psicológica. Dessa forma, por causa da negligência estatal, além da desinformação populacional, essas consequências se agravam na sociedade brasileira.

Em primeiro lugar, a negligência do Estado, no que range à saúde mental, é um dos fatores que impedem esse processo. Nessa perspectiva, a escassez de projetos estatais que visem à assistência psiquiátrica na sociedade contribui para a precariedade desse setor e para a continuidade do estigma envolvendo essa temática. Dessa maneira, parte da população deixa de possuir tratamento adequado, o que resulta na piora de sua doença mental e na sua exclusão social. No entanto, apesar da Constituição Federal de 1988 determinar como direito fundamental do cidadão brasileiro o acesso à saúde de qualidade, essa lei não é concretizada, pois não há investimentos estatais suficientes nessa área. Diante dos fatos apresentados, é imprescindível uma ação do Estado para mudar essa realidade.

Nota-se, outrossim, que a desinformação na sociedade é outra problemática em relação ao estigma acerca dos distúrbios mentais. Nesse aspecto, devido à escassez da divulgação de informações nas redes midiáticas sobre a importância da identificação e do tratamento das doenças psicológicas, há a relativização desses quadros clínicos na sociedade. Desse modo, assim como é retratado no filme O Lado Bom da Vida, o qual mostra a dificuldade da inclusão de pessoas com doenças mentais na sociedade, parte da população brasileira enfrenta esse desafio. Com efeito, essa parcela da sociedade fica à margem do convívio social, tendo em vista a prevalência do desrespeito e do preconceito na população. Nesse cenário, faz-se necessária uma mudança na postura das redes midiáticas.

Portanto, vistos os desafios que contribuem para o estigma associado aos transtornos mentais, é mister uma atuação governamental para combatê-los. Diante disso, o Ministério da Saúde deve intensificar a criação de atendimentos psiquiátricos públicos, com o objetivo de melhorar a saúde mental da população e garantir o seu direito. Para tal, é necessário um direcionamento de verbas para a contratação dos profissionais responsáveis pelo projeto, a fim de proporcionar uma assistência de qualidade para a sociedade. Além disso, o Ministério de Comunicações deve divulgar informações nas redes midiáticas sobre a importância do respeito às pessoas com doenças psicológicas e da identificação precoce desses quadros. Mediante a essas ações concretas, a realidade do filme O Coringa tão somente figurará nas telas dos cinemas."
enem_brasilEscola,2020,O estigma associado às doenças mentais na sociedade brasileira,1000,"Na obra “Quincas Borba”, de Machado de Assis, é mencionada a trajetória de Rubião que, após receber grande herança e atrair vários amigos, é acometido por uma enfermidade mental, fazendo com que seus conhecidos se afastassem e que fosse abandonado em um hospital psiquiátrico. Fora da ficção, o estigma associado às doenças mentais também é presente na sociedade brasileira, haja vista que muitos indivíduos com transtornos dessa ordem são excluídos da sociedade e que muitas pessoas com sintomas de desequilíbrio mental não buscam ajuda.

Em primeiro lugar, é relevante destacar que o estigma associado às doenças mentais faz com que as pessoas acometidas por essas enfermidades sejam excluídas do meio social. Nesse sentido, Nise da Silveira, médica psiquiatra, revelou que muitas famílias se envergonham por terem um ente com transtornos mentais e optam por o deixar, de forma vitalícia e quase sem visitas, em hospitais especializados. Desse modo, o preconceito com doenças mentais na sociedade brasileira gera a ocultação, em clínicas médicas, das pessoas que não se enquadram dentro de um perfil esperado de normalidade, engendrando a exclusão social.

Ademais, o estigma e a falta de informação sobre doenças mentais fazem com que muitos indivíduos, com sintomas dessas patologias, não busquem ajuda especializada. Nesse contexto, pesquisas aventadas pela Organização Mundial de Saúde revelaram que menos da metade das pessoas com os primeiros sinais de transtornos, como pânico e depressão, procura ajuda médica por temer julgamentos e invalidações. Assim, o preconceito da sociedade brasileira com as doenças mentais faz jus com que a busca por tratamento, por parte dos doentes, seja evitada, aumentando, ainda mais, o índice de brasileiros debilitados por essas mazelas.

Portanto, é necessário que o Estado, em conjunto com o Ministério da Saúde, informem a população sobre a que são, de fato, as doenças mentais e a importância do tratamento para que o estigma associado a eles finde. Tal tarefa será realizada por meio de expansivas campanhas publicitárias nos veículos de comunicação em massa, como a internet e a televisão, com profissionais de saúde especializados no assunto, o que fará com que o povo brasileiro seja elucidado sobre essas patologias rapidamente. Sendo assim, episódios de abandono e preconceito associados a transtornos mentais, como o de Rubião, estarão apenas nos livros."
enem_brasilEscola,2020,O estigma associado às doenças mentais na sociedade brasileira,1000,"A Organização Mundial da Saúde trouxe, para a atualidade, um conceito ampliado de saúde, o qual abrange a promoção de uma vida saudável não só por meio do corpo físico, como também por meio da integridade psicológica. Contudo, apresar da importância dessa atualização, ainda existe um forte estigma associado às doenças mentais, o qual também se reverbera no contexto brasileiro. Sobre esse enfoque, destacam-se aspectos sociais e profissionais. Assim, medidas são imprescindíveis para sanar tal impasse.

Primordialmente, deve-se pontuar que aqueles que possuem algum tipo de transtorno psicológico são, normalmente, os primeiros a reafirmarem um juízo de valor negativo com relação à sua própria saúde. Nesse aspecto, evidencia-se que, na sociedade brasileira, existe um notório construto de naturalização dos sintomas indicadores de problemas psíquicos, o que desencoraja a busca por auxílio médico. Nesse viés, pode-se analisar o olhar sob a perspectiva da filósofa Simone de Beauvoir. De acordo com sua análise, mais escandalosa que a existência de uma problemática é o fato de a sociedade se habituar a ela. Ao traçar um paralelo com a temática das doenças psiquiátricas, aponta-se que os indícios da existência de um problema de ordem mental são comumente vistos como frescura e, assim, são normalizados. Dessa maneira, torne-se uma realidade a resistência à busca por ajuda psicológica e, consequentemente, a associação de estigmas às doenças mentais.

Em segunda análise, é importante frisar que, no Brasil, é evidente a estigmatização de pessoas com doenças psíquicas no âmbito trabalhista. Nesse sentido, esse público é, não raro, excluído do mercado de trabalho, devido ao discurso de que são incapazes de exercer as atividades profissionais. Nessa senda, é possível mencionar o sociólogo Herbert Spencer, autor da teoria do Darwinismo Social. Consoante sua abordagem, as pessoas mais adaptadas socialmente – no caso, as que possuem a saúde psicológica íntegra – tendem a conquistar e a permanecer nas posições privilegiadas do corpo social. Em posse desse discurso excludente, muitos empregadores justificam a lamentável prática do capacitismo no cenário empregatício. Dessa forma, reforçam-se, cada vez mais, estigmas negativos atrelados à imagem dessa parcela social.

Em suma, ainda persiste, no Brasil, a estigmatização das doenças mentais. Logo, o Ministério da Saúde – responsável por efetivar processos relacionados à saúde pública no país – deve atuar diretamente na desconstrução do imaginário de que problemas psicológicos são normais ou frescura, ao veicular, nos meios de comunicação de massa, campanhas educativas que abordem a importância de procurar ajuda psicológica. Além disso, é necessário que o Poder Legislativo – a quem cabe a função de criar normas – elabore uma lei de cotas para pessoas com transtornos mentais, por meio de Emenda Constitucional. Com essas medidas, objetiva-se liquidar efetivamente o problema do estigma associado a doenças mentais. Desse modo, a atualização do conceito de saúde realizada pela OMS será consolidada no contexto brasileiro."
enem_brasilEscola,2020,O estigma associado às doenças mentais na sociedade brasileira,1000,"Na série “Spin out” da Netflix, A mãe da personagem principal, Carol, sofre de bipolaridade, um transtorno que a faz, ter episódios de obsessão com suas filhas; que lutam para esconder a realidade da mãe, por deslustre e medo dos estigmas relacionados as doenças mentais empregados na sociedade. Fora da ficção, é fato que a realidade apresentada na série é retratada atualmente na sociedade brasileira, onde os cidadãos com psicopatologias preferem ocultar-se ao procurar tratamentos, por medo de julgamentos e pela falta de atendimento qualificado. 

É relevante abordar, que durante 1903 foi fundado o hospital colônia de Barbacena, onde eram isolados os doentes mentais, que foram submetidos ao frio, a fome e doenças. Sendo submetidos a tortura, violência e posteriormente a morte. Sua última cela foi desativada em 1994, entretanto por infelicidade a exclusão de pacientes da psicopatia ocorre até os dias atuais. Esse panorama acontece porque a maioria dos governantes, grupos essenciais para a erradicação dos estigmas sociais referentes as doenças mentais, interessa-se, geralmente apenas pelo superficial, negligenciando a estipulação social em torno dos cidadãos. Mostra-se, portanto, que a colossal exclusão relacionasse com a deficiência informativa reproduzida no Brasil pelos seus governantes.

Outrossim, vale ressaltar que de acordo com o artigo sexto da constituição federal brasileira, a saúde é um direito humano de qualquer cidadão brasileiro. Nesse viés, o atendimento desqualificado bem como a falta de profissionais qualificados, impõe a quebra desses direitos, pois, os tratamentos para as doenças mentais são inacessíveis a maior parte de seus portadores. Destarte, constata-se que a falta atendimento qualificado, interfere na visão social sobre os portadores de psicopatologias ferindo os princípios constitucionais e impedindo a desestigmação das doenças mentais no Brasil. 

Contudo, cabe aos Estados, por meio de leis e investimentos, com um planejamento adequado, estabelecer políticas públicas efetivas que erradiquem os estigmas associados a doenças mentais no Brasil. É de suma importância que as instituições educacionais promovam, por meio de campanhas de conscientização para os alunos e seus responsáveis informações sobre as doenças psíquicas, entendendo a importância de um tratamento indiferente no meio social com o intuito da interação social livre de estigmas no Brasil."
enem_brasilEscola,2020,O estigma associado às doenças mentais na sociedade brasileira,1000,"No filme estadunidense “Coringa”, o personagem principal, Arthur Fleck, sofre de um transtorno mental que o faz ter episódios de riso exagerado e descontrolado em público, motivo pelo qual é frequentemente atacado nas ruas. Em consonância com a realidade de Arthur, está a de muitos cidadãos, já que o estigma associado às doenças mentais na sociedade brasileira ainda configura um desafio a ser sanado. Isso ocorre, seja pela negligência governamental nesse âmbito, seja pela discriminação dessa classe por parcela da população verde-amarela. Dessa maneira, é imperioso que essa chaga social seja resolvida, a fim de que o longa norte-americano se torne apenas uma ficção.

Nessa perspectiva, acerca da lógica referente aos transtornos da mente no espectro brasileiro, é válido retomar o aspecto supracitado quanto à omissão estatal nesse caso. Segundo a OMS (Organização Mundial da Saúde), o Brasil é o país com maior número de casos de depressão da América Latina e, mesmo diante desse cenário alarmante, os tratamentos às doenças mentais, quando oferecidos, não são, na maioria das vezes, eficazes. Isso acontece pela falta de investimentos em centros especializados no cuidado para com essas condições. 

Consequentemente, muitos portadores, sobretudo aqueles de menor renda, não são devidamente tratados, contribuindo para sua progressiva marginalização perante o corpo social. Esse contexto de inoperância das esferas de poder exemplifica a teoria das Instituições Zumbis, do sociólogo Zygmunt Bauman, buque as descreve como presentes na sociedade, mas que não cumprem seu papel com eficácia. Desse modo, é imprescindível que, para a completa refutação da teoria do estudioso polonês, essa problemática seja revertida.

Paralelamente ao descaso das esferas governamentais nessa questão, é fundamental o debate acerca da aversão ao grupo em pauta, uma vez que ambos representam impasses para a completa socialização dos portadores de transtornos mentais. Esse preconceito se dá pelos errôneos ideais de felicidade disseminados na sociedade como metas universais. Entretanto, essas concepções segregam os indivíduos entre os “fortes” e os “fracos”, em que os fracos, geralmente, integram a classe em discussão, dado que não atingem os objetivos estabelecidos, tal como a estabilidade emocional. Tal conjuntura segregacionista contrária o princípio do “Espaço Público”, da filósofa Hannah Arendt, que defende a total inclusão dos oprimidos — aqueles que possuem algum tipo de transtorno, nesse caso — na teia social. Dessa maneira, essa celeuma urge ser solucionada, para que o princípio da alemã se torne verdadeiro no país tupiniquim.

Portanto, são essenciais medidas operantes para a reversão do estigma associado às doenças mentais na sociedade brasileira. Para isso, compete ao Ministério da Saúde investir na melhora da qualidade dos tratamentos a essas doenças nos centros públicos especializados de cuidado, destinando mais medicamentos e contratando, por concursos, mais profissionais da área, como psiquiatras e enfermeiros. Isso deve ser feito por meio de recursos liberados pelo Tribunal de Contas da União — órgão que aprova e fiscaliza feitos públicos—, com o fito de potencializar o atendimento a esses pacientes e oferecê-los um tratamento eficaz. Ademais, palestras devem ser realizadas em espaços públicos sobre os malefícios das falsas concepções de prazer e da importância do acolhimento das pessoas doentes e vulneráveis. Assim, os ideais inalcançáveis não mais serão instrumentos segregadores e, finalmente, a situação de Fleck não mais representará a dos brasileiros."
enem_brasilEscola,2020,O estigma associado às doenças mentais na sociedade brasileira,1000,"A obra “Holocausto Brasileiro”, da escritora e jornalista Daniela Arbex, retrata as péssimas condições do maior hospital psiquiátrico do país, na cidade de Barbacena. Nesse livro, os pacientes são tratados por meio de métodos arcaicos e invasivos, desde agressões até choques elétricos, demonstrando a violência sofrida por indivíduos portadores de transtornos psíquicos. Assim, além de expor os abusos do sistema de saúde da época, o texto também é atual, uma vez que o preconceito e a omissão estatal perpetuam o estigma associado às doenças mentais. 

Em primeiro lugar, cabe ressaltar que a desinformação da sociedade brasileira é o principal catalisador da discriminação. De fato, o avanço da tecnologia é responsável pela rápida disseminação de notícias, principalmente no meio digital, mas isso não significa que os cidadãos se encontram mais conscientes. Dessa forma, mesmo que diversos estudos atuais comprovem a relevância dos cuidados para com a saúde mental e a legitimidade dos distúrbios psicológicos, os flagelos da intolerância ainda se mostram presentes. Consequentemente, os indivíduos com depressão, ansiedade e outras condições especiais convivem em um ambiente degradante, o qual é marcado por preconceitos e tabus estruturais, enfrentando constantemente a invisibilidade social. De acordo com a escritora nigeriana Chimamanda Adichie, a rotulação das pessoas através de certa característica física marcante é responsável pela criação de histórias únicas que não representam a realidade. Nesse viés, ao criar estigmas baseados no estereótipo de que pessoas com doenças mentais seriam inferiores ou incapazes, a sociedade míope alimenta uma visão eugenista e tóxica, limitando as diversas possibilidades de manifestação do ser humano e a importância da pluralidade.

Ademais, a ausência de compromisso do Estado para com a saúde mental dos cidadãos é outro ponto que fomenta a problemática. De certo, a falta de incentivos na área da psiquiatria e na acessibilidade é a realidade enfrentada no país, resultando nos diagnósticos tardios e na própria exclusão de uma parcela significativa da sociedade. Segundo o filósofo John Rawls, em sua obra “Uma teoria da justiça”, um governo ético é aquele que disponibiliza recursos financeiros para todos os setores públicos, promovendo uma igualdade de oportunidades a todos os cidadãos. Sob essa óptica, torna-se evidente que o Brasil não é um exemplo do pensamento desse teórico, visto que negligencia as dificuldades enfrentadas pelos portadores de doenças mentais, submetendo-os à periferia da cidadania. 

Fica exposta, portanto, a necessidade de medidas para mitigar o estigma associado aos transtornos psíquicos. Destarte, as Secretarias de Educação devem desenvolver projetos nas escolas, por meio de palestras e de dinâmicas educativas, levando médicos e pacientes para debaterem sobre o preconceito enfrentado no cotidiano, uma vez que o depoimento individual sensibiliza os estudantes, com a finalidade de ultrapassar estereótipos negativos. Outrossim, o Ministério da Fazenda deve redistribuir as verbas, priorizando as áreas da psiquiatria e psicologia, direcionando maiores investimentos nesse setor negligenciado pelo Estado. Por fim, será possível criar um país mais democrático, afastando a realidade dos absurdos retratados na obra da escritora Daniela Arbex."
enem_brasilEscola,2022,Desafios para a valorização de comunidades e povos tradicionais no Brasil,1000,"Durante o processo de colonização brasileira, iniciado no século XVI, a estratégia de dominação empregada pela Coroa Portuguesa consistia, além da violência física para a escravização dos povos nativos, na violência cultural, por meio da desvalorização dos costumes desses povos e da imposição de seus próprios conceitos de comportamento e religiosidade. Como resultado desse desrespeito à alteridade, a hegemonia europeia foi estabelecida na América, e a identidade nacional foi construída com base, principalmente, em princípios estrangeiros. Por essa razão, atualmente, dois séculos após a Independência, a importância da cultura nativa ainda não foi resgatada. Mesmo que a valorização de comunidades e povos tradicionais - não só indígenas, mas também ciganos e pescadores, por exemplo - no Brasil, seja essencial para a diversidade cultural do país, essa noção é ignorada para benefício de dinâmicas econômicas.

Primeiramente, é preciso destacar a importância da valorização das populações tradicionais brasileiras para a formação de uma nação rica em diversidade cultural. Para as Ciências Sociológicas, a coexistência de diferentes formas de organização social e expressão cultural é de grande valor para a construção de uma comunidade plural, com aspectos identitários sólidos, na medida em que o contato saudável entre perspectivas e realidades diversas amplia as noções de tolerância e de respeito na sociedade. Nesse sentido, a valorização dos povos tradicionais que têm como herança conhecimentos ancestrais diversificados, transmitidos entre gerações por meio de suas práticas e rituais, é indispensável para a formação de uma acervo cultural nacional extremamente rico, de acordo com a Sociologia.

Entretanto, essa valorização é negligenciada, principalmente, por conta de uma lógica mercadológica. De fato, mesmo após o fim do domínio lusitano, os povos originários do Brasil continuam sob ameaça de violação de seus direitos, diante da perpetuação das práticas exploratórias baseadas na dinâmica capitalista. Com o fortalecimento do Ciclo da Borracha, por exemplo, durante a Segunda Revolução Industrial, a atividade extrativista predatória e ilegal, na Amazônia, aumentou intensamente, de modo que a invasão das terras ocupadas por povos tradicionais tornou-se um artifício comum para a obtenção do látex das seringueiras. Nesse cenário, os conflitos agrários violentos ocasionaram o extermínio de populações locais e, como consequência, a perda de suas tradições. Diante disso, é possível relacionar a desvalorização dessas comunidades à lógica de exploração de recursos naturais para a garantia do lucro. 

Fica claro, portanto, que a valorização dos povos tradicionais, no país, apesar de ser importante para a diversidade cultural, enfrenta desafios relacionados aos ideais capitalistas. Para mudar essa realidade, é preciso que, além de estabelecer projetos educacionais que destaquem a necessidade de preservação dessas populações, o Estato institua ações de combate às práticas ilegais de invasão de terras, por meio do aumento da fiscalização das áreas habitadas por povos ameaçados. Isso pode ser feito, por exemplo, com o aumento do contigente de profissionais responsáveis por essa segurança, a fim de garantir a sobrevivência dessas comunidades e, com isso, preservar seus saberes. Assim, espera-se que a importância da cultura nativa seja, enfim, resgatada e consolidada. "
enem_brasilEscola,2022,Desafios para a valorização de comunidades e povos tradicionais no Brasil,1000,"No livro ""Ideias para Adiar o Fim do Mundo"", Ailton Krenak critica o distanciamento entre a população brasileira como um todo e a natureza, o que não se aplica às comunidades indígenas. Tal pensamento é extremamente atual, já que não só indígenas como todas as populações tradicionais têm uma relação de respeito mútuo com a natureza, aspectos que as diferenciam do resto dos brasileiros. Com isso, a agressão ao meio ambiente e o apagamento dos saberes ancestrais configuram desafios para a valorização de comunidades e povos tradicionais no Brasil

Primeiramente, é preciso compreender como a agressão ao meio ambiente fere as comunidades tradicionais. Há séculos esses povos vêm construindo suas culturas com respeito à natureza, tratando-a de forma sustentável. Consequentemente, criou-se nesses grupos uma visão afetiva dos recursos naturais, que se tornaram base para a manutenção de uma identidade característica a cada uma dessas comunidades. No entanto, todos os biomas brasileiros estão sendo constantemente ameaçados, seja pela mineração, garimpo ilegal, desmatamento ou poluição, fatores que têm em comum a priorização do gasto financeiro em detrimento da preservação ambiental. Assim, parte da população coloca em risco o maior patrimônio dos povos tradicionais, a natureza, em busca de recursos naturais que trazem benefícios restritos aos agrassores, tornando o modo de vida dessas comunidades impraticável. Portanto, com base na importância do meio ambiente para as comunidades tradicionais, causar danos à natureza significa, também, causar danos aos povos em questão.

Ademais, é de grande relevância entender como o apagamento dos saberes ancestrais leva à desvalorização dos povos tradicionais. Devido à grande diversidade de povos tradicionais no Brasil, houve, em cada um deles, a criação de um conjunto de conhecimentos, pensamentos, filosofias e linguagens distintas, passados pelas gerações, dirando e mantendo vivo o modo de vida que caracteriza identitariamente cada grupo. Entretanto, essa bagagem sistêmica é muito pouco externalizada, pelo fato de que esses saberes são coletivizados apenas em esferas menores, de forma a manter a ancestralidade dos povos locais apenas entre si. Logo, todo conhecimento produzido nessa perspectiva é desconhecido do grande público, sendo pouco discutido e não fazendo parte da visão de mundo da maioria dos brasileiros. Dessa forma, os saberes dos povos tradicionais são desconsiderados, acarretando na desvalorização de todos esses grupos.

Em síntese, o impacto causado ao meio ambiente e a desconsideração de seus saberes são grandes agentes na desvalorização das comunidades tradicionais. Por isso, cabe ao Ministério do Meio Ambiente proteger os biomas do páis através do endurecimento de punições contra crimes ambientais, com a finalidade de salvaguardar o modo de vida de diferentes povos, tornando possível a manutenção da diversidade cultural brasileira. Além disso, o Ministério da Educação deve promover a discussão sobre os conhecimentos das comunidades tradicionais, por meio da incorporação de conteúdos relacionados a esses povos na grade curricular das escolas, a fim de divulgar a visão de mundo desses grupos, fomentando uma convivência pacífica entre toda a população. "
enem_brasilEscola,2023,Desafios para o enfrentamento da invisibilidade do trabalho de cuidado realizado pela mulher no Brasil,1000,"Historicamente, o mundo do trabalho foi dominado pelos homens, restando para as mulheres, principalmente, o trabalho doméstico e de cuidado com a família. Com efeito, no Brasil não foi diferente, e, ainda hoje, existem desafios que precisam ser enfrentados para reduzir a invisibilidade do trabalho do cuidado realizado pela mulher no país, uma vez que esse grupo da sociedade permanece em situação de exclusão e subserviência ao mercado trabalhista. Diante desse cenário, é fundamental compreender as causas desse revés, dentre as quais a desigualdade social e o patriarcalismo enraizado na sociedade são agravantes dessa problemática.

Em uma primeira análise, destaca-se a desigualdade social como um dos desafios a ser enfrentado para amenizar a invisibilidade do trabalho de cuidado realizado pela mulher no Brasil. Nesse sentido, a escritora Carolina Maria de  Jesus, em sua obra literária “Quarto de despejo”, escrita em meados do século XX, traz uma denúncia social, com uma visão feminista de uma moradora da favela, na qual retrata a invisibilidade das pessoas que vivem em regiões desprestigiadas pelo poder público e que precisam de submeter a situações degradantes para conseguir sobreviver e não morrer de fome. Sob essa ótica, percebe-se que a desigualdade social gerada pela ausência do amparo estatal para as camadas mais pobres da população, acarreta na aceitação de trabalhos mal remunerados e informais, principalmente pelas mulheres. Assim, é fundamental que haja politicas públicas que reconheçam a importância do trabalho do cuidado no país e tragam garantias para essa atividade que será cada vez mais demandada com o envelhecimento da população. 

Outrossim, salienta-se que o patriarcalismo enraizado na sociedade brasileira é outro fator que contribui para a falta de visibilidade do trabalho de cuidado desempenhado pela mulher no país, sendo a desconstrução dessa cultura de inferioridade feminina mais um desafio a ser superado para solucionar esse gravame social. Segundo preconiza a Constituição Federal, em seu artigo 3º, é o objetivo do Estado a construção de uma sociedade justa e igualitária, sem distinção de gênero, raça, etc. No entanto, as mulheres ainda são prejudicadas quanto aos direitos trabalhistas, recebendo salários menores e não sendo valorizadas especialmente nos trabalhos realizados em ambientes domésticos. Dessa forma, é preciso que haja uma mudança cultural no pensamento patriarcal a fim de ampliar a importância desse trabalho de cuidado feminino com o reconhecimento de garantias constitucionais. 

É evidente, portanto, que medidas precisam ser tomadas para solucionar esse problema. Para tanto, o Congresso Nacional, por meio da elaboração de leis específicas, deve criar normas que asseguram a visibilidade do trabalho de cuidado existente no país, executado majoritariamente por mulheres, com a regulamentação de direitos trabalhistas para essa categoria, afim de que essas trabalhadoras possam ter uma vida digna, uma jornada legal de trabalho e uma remuneração justa que lhes permita ter acesso à moradia, alimentação, saúde e lazer.    "
enem_brasilEscola,2023,Desafios para o enfrentamento da invisibilidade do trabalho de cuidado realizado pela mulher no Brasil,1000,"Conforme o pensamento aristotélico, a justiça é a base da sociedade. Contudo, o contexto do Brasil, no século XXI, contraria esse conceito, uma vez que a permanência de invisibilidade do trabalho de cuidado realizado por mulheres é uma injustiça ao bem-estar social. Dessa forma, a desvalorização da figura feminina e a falta de apoio são alguns dos desafios desse impasse que precisam ser enfrentados. 

Em primeira análise, o ato de não valorizar mulheres como cidadãs que têm os mesmos direitos que a população masculina é uma das causas para que suas atividades de cuidado sejam menosprezadas. De acordo com a pensadora Simone de Beauvoir, “o maior dos escândalos é que nos habituamos a eles”. A partir do exposto, o habito de delegar integralmente às mães, às avós o cuidado de crianças e dos afazeres domésticos , por exemplo, demonstra o enraizamento de ideias machistas. Desse modo, o estado de subserviência é visto como inerente à realidade feminina, que é invisibilizada. Assim, o esforço físico e psicológico da rotina diária de mulheres que cuidam de outras pessoas não é visto ou valorizado por conta do não enfrentamento da discriminação de gênero. 
Além do mais, o escasso apoio ao público feminino que trabalha auxiliando indivíduos também é uma das razões para que tais práticas laborais permaneçam invisíveis. Segundo o filósofo Émile Durkheim, é dever do estado gerenciar questões relacionadas ao bem-estar da coletividade. Todavia, ao não haver o reconhecimento e o auxílio às mulheres que exercem trabalhos como cuidadoras, tal preceito não é efetivo por completo. Dessa maneira, patologia como depressão e ansiedade podem ser desenvolvidas pelo desgaste da alta carga horária de tarefas não remuneradas e pela sensação de desamparo social e governamental. Logo, a falta de apoio contribui para o apagamento da colaboração dessa parte da população ao corpo social. 

Portanto, mudanças são necessárias para alterar essa realidade. É preciso que o Ministério da Mulher promova campanhas sobre o trabalho do cuidado realizado por mulheres. Tal ação pode ser feita por meio de documentários divulgados nos meios de comunica~~ao  - televisão, redes sociais, afim de instigar a valorização da personalidade feminina. Ademais, é necessário que as prefeituras dos municípios realizem projetos regionais de integração de mulheres cuidadoras. Isso podem ocorrer com apoio de psicólogos e auxílios financeiros às trabalhadoras que estão em vulnerabilidade social e sem renda própria , com a finalidade de diminuir o desamparo. Posto isso, espera-se uma sociedade mais justa e igualitária possa ser formada. "
enem_brasilEscola,2024,Desafios para a valorização da herança africana no Brasil,1000,"O filme ""Pantera Negra"" foi considerado um marco da cinematografia mundial devido à presença de um elenco majoritariamente negro e à representação da cultura desse grupo étnico-racial de maneira inovadora e prestigiada. Fora da ficção, o cenário apresentado distancia-se da realidade brasileira, haja vista os desafios, sutentado pelo sistema de ensino e pelo corpo civil, para a valorização da herança africana no país. Nesse sentindo, de modo a atenuar essa situação, é preciso analisar o descaso da esfera educacional e a mentalidade social como causas dessa grave problemática.

De início, convém ressaltar a negligência do setor instrucional como preponderante para minimizar o combate do desprestígio das heranças africanas no Brasil. Essa inoperância decorre da precariedade de atuação das escolas nacionais, principalmente das públicas, para o cumprimento da Base Nacional Comum Curricular - documento normativo da grade educacional brasleira - no que tange à abordagem histórica dos povos africanos com ensino apronfundado e que exalte as suas contribuiçções culturais, tendo em vista o lecionamento, muitas vezes, superficial e eurocêntrico. De fato, essa conjuntura justifica-se na insuficiência da capacitiação dos professores e na vigência de uma didática passiva e voltada para o vestibular, o que torna tais instituições possíveis de serem consideradas como em um estado de ""zumbi"", conforme o sociólogo Zygmunt Bauman, ja que se afastaram seus objetivos principais, isto é, de formação social do aluno. Com efeito, diante dessa falta de conhecimento, formenta-se a criação de estereótipos e a invisibilidade  de personalidades negras importantes, prejudicando a representatividade e a valorização dessa comunidade, além de ser um risco à preservação de costumes. 

Além disso, é válido destacar que o imaginário social cria uma configuração propícia para a permanência dos entraves a esse grupo étnico-racial. Isso ocorre, pois verifica-se a persistência de atitudes de discriminação contra a afirmação das influências herdadas na aparência e nas atividades sociais por indivíduos afrodescentes, a exemplo do preconceito associado aos cabelos crespos e às religiões de matriz africana, respectivamente. Evidendentemente, tal prisma fundamenta-se em resquícios do passado colonial e imperial do país, em que se vigorava a desvalorização e a desumanização de pessoas negras em um conxteto escravocrata. Por consequinte, o enraizamento desse pensamento e a sua consequente naturalização mostram-se responsáveis por atos de violência simbólica, como a atribuição dessas heranças como pejorativas. Dessa forma, observa-se o prejuízo à inclusão dessa população, a qual perde suas individualidades.

Portanto, torna-se evidente que os desafios advindos da área educacional e da nação devem ser amenizados. Diante disso, urge que o Ministério da Educação - órgão encarregado do ensino brasileiro - execute a melhoria do lecionamento sobre a história africana e a importância de suas heranças, com uma perspectiva aprofundada e protagonista frente ao recorte europeu. Isso deverá ser feito por meio da maior capacitação de docentes e da universalizaão do conteúdo nas escolas, a fim de atender à BNCC. Ademais, cabe do Ministério das Comunicações, mediante propagandas períodicas nos veículos midiáticos, eludidar o povo sobre a temática e desconstruir mentalidades preconceituosas. Espera-se, assim, que haja valorização dessas contribuições culturais no Brasil, como em ""Pantera Negra""."
enem_brasilEscola,2025,Perspectivas acerca do envelhecimento na sociedade brasileira,1000,"A Constituição Federal de 1988 garante a todos os brasileiros o direito ao respeito e à dignidade humana, incluindo os idosos. Entretanto, as perspectivas acerca do envelhecimento na sociedade brasileira, as quais são, em sua maioria, negativas, podem contrariar o texto constitucional. Isso ocorre devido à escassez de fiscalização e os preconceitos e deve, pois, ser alterada urgentemente.

De início, vale destacar que a escassez de fiscalização é uma grave falha estatal. Nesse sentido, cabe referência a Lei Orçamentária Anual (LOA), a qual indica quanto deve ser investido em cada setor, priorizando algumas áreas e subfinanciando outras. A exemplo destas, cabe citar o ramo da fiscalização, com destaque para o cumprimento de leis que priorizam o idoso, o qual recebe somente cerca de um por cento de verbas para seu funcionamento, o que compromete a qualidade de seus serviços. Essa precarização pode ser vista na falta de profissionais especializados nesse setor e no não envio constante de fiscalizações para locais necessitados da atividade, por exemplo. Muitos lugares como ""shoppings"" e mercados possuem, por lei, vagas exclusivas para pessoas com mais de sessenta anos e filas prioritárias. No entanto, muitas vezes, tais normas são desrespeitadas tanto por clientes, quanto por funcionários, os quais, sem a devida vigilância, continuam a infringir leis que asseguram os direitos dos mais velhos, demonstrando uma perspectiva negativa acerca do envelhecimento populacional. Urge, então, uma mudança nesse cenário adverso. 

Ademais, o preconceito contra anciãos, denominado etarismo, agrava o problema. Nesse contexto, cabe fazer menção ao pensamento de Albert Einstein, segundo o qual é mais fácil desintegrar um átomo do que um preconceito. Tal premissa se verifica na sociedade brasileira na medida em que grande parte da população possui uma visão inadequada acerca dos idosos, percebendo-os como incapazes e fracos para realizar qualquer atividade e compromisso, o que acarreta a não aceitação, muitas vezes, de pessoas com idades mais avançada no mercado de trabalho e a apropriação da renda do idoso por parte dos familiares, por exemplo. Assim, há o predomínio de uma perspectiva errônea e prejudicial quanto ao envelhecimento da sociedade. Logo, é necessário a reversão dessa conjuntura brasileira.

Portanto, cabe ao governo do Brasil, responsável pelo bem-estar social, promover uma melhoria nos serviços de fiscalizatórios por meio de maiores investimentos nesse setor, a fim de que as leis e as normas que garantem os direitos dos maiores de sessenta anos sejam devidamente cumpridas. Além disso, cabe ao Estado realizar campanhas sobre as perspectivas positivas do envelhecimento com o fato de que as ideias equivocadas sobre os idosos sejam desfeitas rapidamente.

"
enem_brasilEscola,2025,Perspectivas acerca do envelhecimento na sociedade brasileira,1000,"Em ""O Karaíba"", o autor indígena Daniel Munduruku traz narrativas dos povos originários no Brasil pré-cabralino. Nessa obra, ele retrata elementos característicos das culturas e dos costumes das comunidades tradicionais, como o respeito aos mais velhos e à sua sabedoria. Nesse contexto, é nítido que a perspectiva das personagens do livro não reflete a forma como a sociedade brasileira enxerga o envelhecimento ao longo do tempo, tampouco as tendências mais modernas disso.

Historicamente, no Brasil, envelhecer é um privilégio, não um direito. Isso é evidenciado por estratégias de manutenção da ordem social implementadas pelas elites, como a promulgação da Lei do Sexagenário - uma das leis pré-abolocionistas, que libertara escravizados maiores de sessenta anos. Ao contrário do senso comum, que vê essa medida como uma conquista para eles, a historiografia entende que essa medida não tinha intenções reais de oferecer liberdade a essas pessoas, pois suas expectativas de vida eram baixíssimas. Nesse cenário, portanto, envelhecer não era uma oportunidade para todos os brasileiros, mas um privilégio de alguns.

Por outro lado, correntes contemporâneas de pensamento colocam os idosos e o envelhecimento em outras posições: de enfrentamento ao etarismo, de atividade física e econômica e de engajamento político social. Um exemplo disso é o filme estrelado por Fernanda Montenegro, em 2025, ""Vitória"", em que a atriz interpreta uma senhora em uma comunidade periférica no Rio de Janeiro e expõe denúncias contra a violência e o tráfico onde vive. Sob essa ótica, a figura do idoso deixa um espaço de fragilidade e impotência e passa a assumir protagonismo de sua própria vida.

Dessa forma, tendo em vista as múltiplas perspectivas acerca do envelhecimento na sociedade braisleira, é necessário que o Ministério da Educação, por meio de iniciativas de capacitação e autonomia para idosos - como o ""Projeto Envelhecer"" do Cin-UFPE, que os ensina a conviver no ambiente digital - atue na formação dessas pessoas para que resgatem sua independência bem."
redacoes_uol,2019,"Ciência, tecnologia e superação dos limites humanos",600,"A revolução transumanista é a alteração ou estabilização de características da espécie humana por meios externos. Dentre os diversos aspectos dos quais podem ser analisados essa mudanças, alguns merecem destaque, tais como a retirada da individualidade humana, assim como, um segregarismos ainda mais forte do que temos hoje. Dito isso, é imprescindível analisar essa questão.

A principio pode ser dito que essa revolução poderia trazer uma potencialização de características consideradas boas e a exclusão de características vistas como ruins. Desta maneira, podemos imaginar uma sociedade sem individualismo, uniforme em todos os sentidos. O fortalecimento físico, a ausência de doenças e a estabilidades de emoções são algumas de suas promessas. Ou seja, a perda do que nos torna únicos e diferentes uns dos outros.

Além disso, é importante ressaltar que esse tipo de tecnologia, não estaria disponível a população em geral, devido o seu auto custo. O seu uso estaria restrito a uma pequena parcela que se tornaria mais forte e com totais condições de domínio sobre os considerados inferiores. O mundo já passou por algo semelhante como a escravidão dos negros no Brasil ou o nazismo na Alemanha.

Logo, é evidente o problema da revolução transumanista merece maior atenção por parte da sociedade, que ainda não a compreende. Desse modo, uma das alternativas a serem tomadas é a união de especialistas e do poder público no sentido de proteger a população e elucidar essa questão."
redacoes_uol,2019,"Ciência, tecnologia e superação dos limites humanos ",400,"Evidente é o desenvolvimento da ciência e da tecnologia, que vem ajudando o ser humano desde sua criação. Quanto mais diário os seus usos se tornam, mais à incorporamos. Uma sociedade controlada pela tecnologia criada pode estar mais próxima do que se parece.

Desde a descorta da ciência e a criação da tecnologia, a humanidade esta cada vez mais desenvolvida e com isso o ser humano se deixa mais favorável a à utilização de novas tecnologias todo dia. Sair sem o celular de casa começa a ser deseperador, seu uso ja é tão concreto que a sua não utilização causa a sensação de que falta algo. Se a sua utilização compulsiva nós deixar favorável à implementação de chips e partes robóticas, pode ser o início visível de algo desconhecido assim deixando somente a elite a favor de tal coisa.

Portanto a sua utilização deve ser moderada, e o seu desenvolvimento em laboratórios sempre supervisionado para não a deixarem controlar-los e deixarem sua ganância subir a cabeça e os consumir por completo."
redacoes_uol,2019,"Ciência, tecnologia e superação dos limites humanos",400,"Muito se tem discutido sobre as reais transformações que estão ocorrendo ao longo do século XXI. A tecnologia está cada dias mais moderna e coisas imagináveis podem ser criadas em um piscar de olhos. Tudo isso está vinculado com áreas da ciência e da computação.

Pode-se mencionar, por exemplo, com esses fatores que uma grandiosa modificação pode revolucionar a vida de nós, seres humanos. Essa revolução chamada transumanista, é capaz de implantar chips que deixam a mente das pessoas mais fortes, evitariam doenças e até mesmo poderiam impedir a morte. Se pensarmos claramente, é algo inacreditável de acontecer, mas a tecnologia possui sim, essa capacidade de transmutação. 

Em uma segunda análise, convém lembrar, de que nem todos os indivíduos poderiam usufruir do mesmo , por ser algo caro e teriam que fazer um investimento muito extenso . Dessa maneira, só será capaz utilizar essas tecnologias quem tem condições, como os mais ricos. Além disso, resultaria numa distopia, desvalorizando e eliminando seres humanos considerados inferiores.

Dado o explícito cenário, a consideração destes aspectos é relevante para que o governo faça uma fiscalização e avaliação para ver se deve ou não ser aperfeiçoado e desenvolvido ainda no século atual."
redacoes_uol,2019,Supremo Tribunal Federal e opinião pública ,0,"O supremo tribunal federal é definido como um órgão de alta instância do poder judiciário , capaz de defender as normas da Constituição federal. Vários problemas estão em acontecimentos, e o STF ganha destaque sobre a população brasileira, devido ao impacto sobre a opinião pública, onde a sua atuação acaba agradando o brasileiro.

Devido a vários impasses acontecidos no governo, o supremo tribunal federal rege com o seu papel em defender tanto as normas brasileiras, quanto a opinião pública, colocando em pauta sobre alguns acontecimentos como criminalização sobre o livro do beijo gay, mudanças na reforma da previdência e também o impacto ambiental, no que ocasionou também um dos assuntos discutidos pela opinião brasileira.

Com a pesquisa do ponto de vista brasileiro sobre os impactos acontecidos e políticos, o STF acaba tendo um destaque sobre a população por exercer o seu papel de mostrar a avaliação que movimenta o órgão máximo do poder judiciário.

Contudo, com a convicção entre o órgão público e a opinião pública, as pesquisas podem agradar ou não os brasileiros. Sendo assim, com essa união é possível abrandar aos problemas acontecidos, construindo com educação um Brasil mais abrangente e desenvolvido."
redacoes_uol,2019,Supremo Tribunal Federal e opinião pública ,400,"Dificilmente a atuação do Supremo Tribunal Federal vai agradar a todos os brasileiros. Em uma pesquisa exercida pelo Datafolha foi comprovado que a maioria dos entrevistados não estão satisfeitos está satisfeita com essa atuação.

O papel do STF não é fácil de exercer, pois exige uma responsabilidade um grande, e de alguma forma não esta agradando maioria dos brasileiros, algumas pessoas dizem que a constituição deve interpretar o interesse brasileiro para tomar determinadas decisões e que só assim há de conseguir uma maior aprovação, porem , ainda que o supremo adquirisse tal pratica , teria desagrado aos brasileiros, mesmo que seja em \""pouca\"" quantidade. Mesmo que não sendo uma única saída, teria uma melhora na aprovação desse papel, mas ainda sim o povo deveria se conscientizar que o supremo no pode agradar o povo deixando se exercer o seu verdadeiro papel.

Para um maior nível de aprovação da atuação do STF, é preciso ouvir mais a voz dos brasileiros, tomando atitudes avaliando o interesse brasileiro mas não perdendo a íntegra de seu papel e trabalhando com rigidez."
redacoes_uol,2019,Supremo Tribunal Federal e opinião pública ,340,"O STF (Supremo Tribunal Federal) é responsável por ser guardião da constituição da constituição federal, prezando pela justiça, entretanto atualmente foi instaurado uma grande frustração da sociedade em relação ao STF, criada pelas ações do mesmo.

Em primeira instância as decisões feitas pelo tribunal federal são diferentes podendo algumas serem consideradas como antagonistas a o sentimento social da sociedade. Não é impossível dizer que todas as decisões dele são verdadeiras, pois ações tomadas por ele podem ser manipuladas, serem decididas através da convicção de uma só pessoa, isso causa falta de confiança nas decisões tomadas.

Existe a falta de uma avaliação mais ampla, no cenário atual não há um julgamento em que seja visado todos os aspectos, há uma justificativa para alguém cometer uma ação ilegal, a culpa não é totalmente da pessoa, porém muitas vezes isso não é considerado, ações como essa são arbitrárias da primícia do STF que é a constituição.

O convívio do cidadão com a justiça no Brasil é difícil, sem uma boa avaliação e consideração pelo desejo, anseio da sociedade, o sistema acaba sendo falho e precário. Uma fiscalização aprofundada, levará uma análise para saber o que está sendo ilegal, além disso um sistema que considere mais a opinião pública de forma que seja ético, pode recuperar a confiança da população brasileira."
redacoes_uol,2019,"Supremo tribunal federal é o nome que se da para a mais alta instância do poder judiciário . Sendo o maior grau, é responsavel pela lei maxima do Brasil, garantindo que a constituição federal seja respeitada.",400,"Uma onda de escândalos e uma população calejada. Recentemente se instaurou no âmbito do poder judiciário Federal uma crise com relação à veracidade dos trabalhos desenvolvidos pela banca de magistrados, juntamente com as equipes responsáveis pelas atividades do Supremo Tribunal Federal. Uma sociedade já não muito satisfeita com a situação instável na política do País, não seria passível com a incerteza de mais um poder.

Nenhum cidadão é compreensível à atos de infidelidade, pois se tratam de ações que envolvem mentiras. O Supremo nesses últimos tempos mostrou a sua infidelidade com Brasil, como por exemplo, favorecer decisões judiciais devido a posição política de indivíduos que não podiam usufruir de tais privilégios. A situação ficou visível nos últimos tempos, mas raramente ações são construídas da noite para o dia, e bastou o desencadeamento de uma das operações federais, a lava-jato, para que o oculto ficasse em evidência.

A população brasileira, já desgastada com questões políticas na esfera Legislativa e Executiva, não iria se manter calma com mais um reboliço negativo na divisão Judiciária da República Federativa. A sociedade já estava em constantes protestos com relações políticas e ideológicas antes do Supremo entrar na \""lista negra\"", com o pivô das investigações lideras pelo então Ministro da Justiça, Sérgio Moro, houve uma avalanche dentro da justiça, fazendo os cidadãos voltarem seus olhares para ela, dessa forma, cada vez mais o Supremo tem ficado em evidência nos últimos tempos, a sociedade tem visto a sua força de intervenção na política e tem evitado deixar movimentos passarem por debaixo dos panos.

O Brasil se encontra em um período complicado politicamente, de muitas divergências de opiniões e até casos extremistas de violência. Viver com uma justiça em que a balança não esteja regulada e nivelada, igualmente para todos, gera desconforto e é causa de maiores problemas na sociedade. É preciso uma reestruturação na forma de administrar as cortes judiciais brasileiras, existindo mais transparência, que realmente seja eficaz, automaticamente se gera confiança na sociedade. A população dever continuar exigindo o que lhe é de direito, mas sempre de forma a não perder a razão e com intelecto alto sobre o que de fato está ocorrendo, pois dessa forma, a sua propriedade de argumento é elevada e eficaz."
redacoes_uol,2019,"Supremo tribunal federal é o nome que se da para a mais alta instância do poder judiciário . Sendo o maior grau, é responsavel pela lei maxima do Brasil, garantindo que a constituição federal seja respeitada.",280,"Supremo tribunal federal é o nome que se da para a mais alta instância do poder judiciário . Sendo o maior grau, é responsavel pela lei maxima do Brasil, garantindo que a constituição federal seja respeitada.

Nos ultimos anos, presenciamos assuntos polêmicos que o STF julgaria, dando uma enorme evidência ao mesmo que antes não o possuía . Podemos citar casos como o acesso a medicamentos de alto custo financiados pelo governo e a descriminalização do uso de drogas. Com a grande evidência que o supremo adquiriu nos ultimos anos, começaram os julgamentos populares em que 39% reprovam o mesmo. Isto se deve por inumeros motivos, sendo o principal deles por julgamentos de casos com figuras públicas que dividem opiniões populares.

Um exemplo disso seria o julgamento do ex presidente Luiz Inacio Lula da Silva, que foi condenado por lavagem de dinheiro e corrupção passiva em 2017. Lula enquanto presidente se tornou uma figura publica muito popular e após seu mandato dividiu opiniões quanto o seu governo, fazendo com que depois de declarar sua prisão muitos reprovassem o julgamento.

Sendo o principal orgão de poder judiciario e tendo os principais profissionais da área, o STF deve respeitar e servir de forma justa e imparcial toda a sociedade brasileira, julgando os casos da melhor forma mesmo quando contra a opinião do povo."
redacoes_uol,2019,"Supremo tribunal federal é o nome que se da para a mais alta instância do poder judiciário . Sendo o maior grau, é responsavel pela lei maxima do Brasil, garantindo que a constituição federal seja respeitada.",0,"De acordo com pesquisas o supremo tribunal federal vem sendo destaque pelo os ataques por sua conduta. Avaliação que foi feita pode-se mensurar como pessoas classificaram, e a maioria a afirmou como: péssimo. Diante da problemática que circunda o STF em que diz respeita a opinião pública, observa-se que as pessoas estão incontentes descontentes com maneira que tratam as reivindicações sociais, já que essas deveriam ser relevantes no contextual social e não políticos. 

As premissas que levaram as pessoas a classificarem o STF como péssimo foi após a promulgação eleição do novo presidente do Brasil, e condução que foi desencadeada no governo do presente. Acredita-se que muitos insatisfeitos com novo presidente e as novas mudanças no meio social tenderam a aumentar número de pessoas contra o STS mas vale salientar que STF continua cumprindo com as medidas, resolvendo e debatendo nas leis do país. 

Todavia, as transformações que ocorreram e precisavam colocar em vigor, trouxe consigo divergências de opiniões em que maioria não concorda com aprovação de alguns requisitos do STF, mas ressaltar-se que qualquer a aprovação passa pela votação e só depois são encaminhados aos outros poderes do país. Pode-se evidenciar que pessoas precisam se inteirar mais sobre como ocorrem normas de reivindicação da população.

Contudo, vê-se uma sociedade desinformada que se precisa mais saber sobre os eventos que acontece no país. Cabe salientar que qualquer decisão precisa passar pela tramitação e só depois de avaliados que colocado em vigor, mas diante disso é preciso frisar que necessita colocar políticos responsáveis que priorize com seriedade as problemáticas sociais e que saiba tomar decisões que beneficie a sociedade e não aos políticos."
redacoes_uol,2019,"Supremo tribunal federal é o nome que se da para a mais alta instância do poder judiciário . Sendo o maior grau, é responsavel pela lei maxima do Brasil, garantindo que a constituição federal seja respeitada.",280,"A principal função do Supremo Tribunal Federal é preservar e garantir a aplicação da Constituição Federal em decisões na qual há controversas entre os poderes Legislativo e Executivo. Uma vez que a sociedade reflete diretamente nas leis e consequentemente na formação da Constituição, as opiniões e decisões públicas devem condizer com as do Supremo. Com isso, há razões quando isso não acontece e pode distanciar cada vez mais o povo da sua lei.

Com dados oferecidos pelo Datafolha, aproximadamente metade da população brasileira discorda das decisões e posições tomadas pelo STF. Isso pode corresponder a várias razões, entre elas a corrupção consolidada na esfera pública brasileira. Sabe-se que no histórico da política do país encontra-se vários escândalos de desvio de verba e envolvimento com empreiteiras por parte dos políticos do país.

Isso refletiu drasticamente na sociedade e da sua percepção sobre o envolvimento na vida pública e decisões políticas. Hoje o cenário político no país está separado da participação popular, pois vê-se que os interesses da população brasileira não são considerados em decisões cruciais quando tomadas pelo STF. Pode-se concluir que os interesses sociais estão dissociados dos interesses do STF devido a massiva e constante onda de corrupção. 

Dessa forma, se há desinteresse público, não há envolvimento da população na política e consequentemente maior espaço e oportunidades de executar e aplicar desvios de conduta ética e moral nas esferas políticas. Esse abismo entre sociedade e o governo faz com que o país retroceda cada vez mais e estagne em muitas áreas, como educação e saúde, que são as mais gritantes em necessidades e investimentos.

Em suma, a divergência entre o STF e a opinião pública reflete a inabilidade da sociedade em lidar com seu papel ligado a cidadania e a irresponsabilidade do governo em cumprir fielmente o que o STF deve fazer primordialmente. Mesmo sendo uma medida paliativa, uma sugestão a fim de minimizar esse abismo entre sociedade e governo é de erradicar todos os privilégios da classe de políticos e diminuir três vezes mais o salário exorbitante deles."
redacoes_uol,2019,"Ciência, tecnologia e superação dos limites humanos",760,"Na antiguidade, a atribuição de super-poderes à seres mitológicos foi de suma importância para a manutenção de uma ordem em um contexto religioso, haja vista que o receio desses seres influenciava o comportamento dos indivíduos. Sob tal ótica, é fato que no imaginário humano, a ânsia da possibilidade de adquirir habilidades anormais persiste desde os povos antigos. Não obstante, na contemporaneidade, com o avanço científico, a capacidade de alterar genes e permitir tais habilidades se tornou realidade, assim, de que modo a superação dos limites humanos afetaria a sociedade

?A priori, deve-se pontuar que, apesar da tecnologia ser vista como progressiva e benéfica, uma vez que seu uso está sujeito aos valores de uma sociedade, os efeitos podem ocasionar diversos malefícios. Em um episódio da série Black Mirror, o exército de um estado é submetido aos efeitos de um chip implantado nos indivíduos em que, ao distorcer a visão destes , facilitava a execução de um genocídio. Analogamente, partindo do pressuposto de que a imposição de poder já é recorrente na sociedade, seja pelo capital ou por força bélica, a ausência de limites para a biotecnologia seria capaz de agravar conflitos e ocasionar atrocidades.

Em segundo plano, vale ressaltar que a transcendência dos limites humanos intensificaria a desigualdade social. No Manifesto Comunista, Marx e Engels explicitam, através de uma análise histórica, a presença da luta de classes nos diversos períodos, em que a dinâmica de um grupo dominar outro sempre foi vigente. Desta forma, além de já haver uma diferença entre os grupos sociais, a obtenção de atributos para uma parte da sociedade, ou somente para indivíduos com poder aquisitivo, seria determinante para a segregação entre humanos.

Em suma, depreende-se que a superação dos limites humanos, por meio das novas tecnologias, afetaria negativamente a sociedade em diversos âmbitos, permitindo a inferiorização de grupos sociais e destilação de violência. Assim, o Ministério da Educação deve incluir no material didático de filosofia atividades de discussão e reflexão acerca da tecnologia e seus limites, visando estimular o senso crítico dos discentes no que tange os efeitos sociais da biotecnologia. Destarte, estas tecnologias tenderão a ser limitadas, e a superação dos limites humanos se manterão, somente, na mitologia e no imaginário humano."
redacoes_uol,2019,"Ciência, tecnologia e superação dos limites humanos",560,"Ao se falar em tecnologia, devemos observar alguns seguimentos que vem se destacando e ganhando espaço no mundo contemporâneo. Nesse sentido, podemos destacar a revolução do transumanismo. Tecnologia que poderá garantir aos seres humanos uma qualidade de vida melhor através de implantações de chip no corpo humano.

A priori, a implantação dessa tecnologia, que se concentra em um chip, irá garantir ao ser humano um aperfeiçoamento em diversas áreas da vida, como por exemplo, na capacidade física, intelectual, psicológica e emocional. Dessa forma, melhorando expressivamente sua qualidade e prolongando seus anos de vida. Tal feito iria gerar uma grande revolução na história da humanidade

A posteriori, devemos nos atentar ao público limitado que terá acesso a esse tecnologia. Certamente, o chip e sua implantação terá um valor elevado, fora do alcance da maioria da população, o que irá suscitar uma potencialização na desigualdade social que já assola nossa sociedade nos dias atuais, fazendo com que o público de maior poder aquisitivo tenha mais poder sobre as demais parcelas da população.

Com os dados supramencionados, infere-se, portanto, que a tecnologia é imprescindível para o desenvolvimento e qualidade humana, entretanto, a maioria delas são de alto custo financeiro, fazendo com que a população de classe baixa e média não tenha acesso a determinado tipos de serviços. Sob essa ótica, cabe ao Poder Público garantir que esse grupo de pessoas, com menor poder aquisitivo, tenha acesso a tais tecnologias. Dessa forma, todos, sem distinção, poderão usufruir das inovações e benefícios que a tecnologia "
redacoes_uol,2019,"Ciência, tecnologia e superação dos limites humanos",600,"Segundo o empresário Steve Jobs \""a tecnologia move o mundo\"". Diante disso , as inovações e evoluções que surgiram nas últimas décadas fizeram com que a sociedade ascendesse de forma surpreendente. No entanto, diversos avanços em setores da ciência desperta preocupações, como Transumanismo, que consiste no aprimoramento da capacidade humana, seja mental ou físico . Portanto, faz-se necessário o debate acerca do tema ciência, tecnologia e superação dos limites humanos.

Mormente, é válido destacar, que a tecnologia tornou-se algo essencial para existência humana. Já que tem total influência, especialmente, na medicina que que, além de tratar e curar doenças, progrediu na área da genética. Tal como, a mesma constitui-se um instrumento de alto valor, visto que doenças hereditárias são antecipadas e a reprodução humana é possibilitada em casos de esterilidade. Logo, o papel que a tecnologia contém no âmbito científico é de extrema importância.

Outrossim Entretanto, a evolução proporcionada pelos avanços tecnológicos despertou o desejo pelo aperfeiçoamento da condição humana, isto é velocidade, capacidade cognitiva e dentre outros. Entretanto, limites éticos são postos em discussão, dado que a junção da espécie humana com a tecnologia constitui-se um risco para a ciência, pois consequências irreversíveis podem surgir. Ademais, a disponibilidade de tamanho aprimoramento não será para todos, posto que o preço a ser cobrado estará acessível apenas para aqueles que têm a devida condição financeira. Dessa forma, é inadmissível que tal evolução ocorra sem um consentimento ético.

Em suma, a sociedade cresceu e tende a evoluir cada vez mais graças a tecnologia. Contudo, é preciso que haja uma supervisão quanto aos progressos. Cabe, então, ao Conselho Internacional para Ciência adotar medidas que limitem projetos com tendência a quebra da ética, por meio de equipes qualificadas. Ademais, deve ser criado um tratado global com a ajuda de representantes de todos os países com o intuito de limitar e aconselhar as fronteiras que podem ser seguidas pelo Transumanismo."
redacoes_uol,2019,"Ciência, tecnologia e superação dos limites humanos",920,"Vive-se, hoje, uma \""febre da descoberta tecnológica\"", grandes empresas, de áreas diversas, disputam o pioneirismo, assim como a patente, dos possíveis avanços científicos. Tal competição tem uma parte voltada para o aperfeiçoamento do corpo humano, com expectativas desafiadoras em alguns pesquisadores, como a associação entre chip e cérebro. A junção corpo-máquina, embora seja possível sob a ótica científica, é improvável que se torne uma revolução a curto e médio prazo, pois a realidade tecnológica e, depois, a social deverão ser superadas.

Em primeiro lugar, é clara a melhora das ferramentas existentes no mundo, as quais são a razão do aumento médio de anos vividos pela população, da democratização da informação, etc. Esses benefícios cresceram de acordo com o vencimento da distância pela alta transmissão de dados e meios de transporte mais rápidos, somados a experimentos maciços. No entanto, a tendência é a estabilização da explosão de inovações, pois, a menos que ocorra outro rompimento histórico à semelhança da Revolução Industrial, um novo padrão quantitativo será estabelecido. Considerando a atualidade um tempo posterior ao pico de criação, nota-se, relacionada à progressão da corroboração organismo-máquina, uma relativa lentidão, percebida em experimentos muito iniciais realizados em bichos. Portanto, diante da complexa biologia animal e do esclarecimento do motivo pela qual as inovações são tão impactantes, uma revolução transumana constitui algo de um futuro distante.

Em segundo lugar, a mudança da ordem hodierna para outra feita por \""ciborgues\"" encontraria forte resistência social; primeiro porque há religiões que interpretam a tecnologia como elemento antagônico; segundo, a falta de entendimento por uma porcentagem significativa do povo, como as partes privadas de educação e as interioranas do Brasil, causa medo das ferramentas de última geração; e, terceiro, o potencial de tais itens serem utilizados para manipulação e controle dos indivíduos levaria a sociedade a exigir dos políticos imposições de diversos limites em forma de lei, além de a própria estigmatizar os adeptos da hipotética associação.

Dessa forma, a formação de transumanos é uma hipótese largamente à frente do tempo presente, sendo impedida pelas conjunturas científica e social contemporâneas. A fim de tornar isso claro, o Governo deve publicar, nas diversas mídias, vídeos, escritos e áudios informando o que é verdade e o que é especulação."
redacoes_uol,2019,"Ciência, tecnologia e superação dos limites humanos",800,"É indiscutível o papel da ciência e tecnologia na construção da atual sociedade pós-moderna assim como no progresso da humanidade e superação dos limites humanos. Entretanto tal progressividade em seu âmbito totalitário é incessantemente corrompido pela natureza humana.

O Transumanismo, termo descrito pela primeira vez pelo biólogo humanista Julian Huxley, consiste em uma atual corrente filosófica que se fundamenta no combate aos limites da capacidade humana por meio da tecnologia assim como na simbiose do homem com a mesma. Desse modo a evolução da humanidade atual não mais se baseia nos pilares da teoria Darwinista da seleção natural passando a fundamentar-se em uma seleção direcionada, que tem como ferramenta a biotecnologia, nanotecnologia, neurociência e engenharias, ou seja, a ciência e tecnologia.

Entretanto desde os primórdios do advento da tecnologia na sociedade global, tem-se predominado a distribuição desigual dos seus benefícios. Tal cenário decorre de uma estruturação social apoiada em uma hierarquia controlada pela mesma minoria que detém o poder sobre ciência e a tecnologia. Como por exemplo, a falta de tratamentos efetivos para as Doenças Tropicais Negligenciadas descritas pela Organização Mundial da Saúde, que afetam as populações mais pobres e tem como uma das causas para sua ausência a falta de investimento em pesquisas voltadas para doenças comuns entre os mais carentes. Juntamente a isso, tem se a descobertas de medicamentos promissores para certas doenças, como tratamentos imunoterápicos, que possuem preço exorbitantes não compatíveis com o seu custo de produção, ficando restritos à uma pequena parcela da população. Sendo assim, apesar da tecnologia direcionar a humanidade à superação de seus limites, há um limite insuperável intrínseco da essência humana: o egoísmo.

Contudo faz-se necessário a construção de valores morais éticos e humanitários visando a democratização ao acesso à tecnologia e seus benefícios, a fim de promover a mitigação dessas desigualdades e caminhar para uma sociedade mais justa e igualitária."
redacoes_uol,2019,"Ciência, tecnologia e superação dos limites humanos",560,"Atualmente a evolução tecnológica nós demonstra o que esperar em um futuro não muito distante, estamos sendo inundados de novidades em todas as áreas, pois diariamente surgem diversos produtos com o intuito de melhorar a qualidade de vida dos seres humanos, seja em mobilidade, saúde ou inteligência artificial, estes avanços eram praticamente impensáveis no passado.

Continuando no raciocínio sobre as inovações tecnológicas, os investimentos nestas áreas não ficam somente atrelados às áreas de melhoria da qualidade de vida, diversas potências mundiais, estão colocando como prioridade o aumento de seu poder de defesa e ataque através das novas armas com maior poder destrutivo para a conquista de novos territórios.

Assim fica evidente que armas e homens estão se tornando cada dia um mesmo ser interligados entre si, tornando-se cada vez mais poderosos, a pergunta que fica é: onde os humanos normais se encaixam neste novo cenário, ficaremos amercê deste novo exercito que esta se formando, este tipo de tecnologia será acessível a todos ou somente aos que tem condições financeiras para usufruir?

Caso este cenário concretize-se no futuro, voltaremos a épocas remotas, épocas em que os maiores genocídios que barbarizaram a humanidade, onde milhares de pessoas foram dizimadas aconteceram, levados pela ganância de potências mais preparadas que outras, tendo em suas mãos a decisão de quem vive ou morre.

Após os argumentos apresentados chegamos a conclusão que as inovações tecnológicas são surpreendentes e ao mesmo tempo dão medo, levando em consideração o futuro, pois fica a cargo na realidade de quem as usa, seja para o bem ou mal, progresso ou destruição."
redacoes_uol,2019,"Ciência, tecnologia e superação dos limites humanos",600,"
A revolução transumanista é a alteração ou estabilização de características da espécie humana por meios externos. Dentre os diversos aspectos dos quais podem ser analisados essa mudanças , alguns merecem destaque, tais como a retirada da individualidade humana, assim como, um segregarismos ainda mais forte do que temos hoje. Dito isso, é imprescindível analisar essa questão.

A principio pode ser dito que essa revolução poderia trazer uma potencialização de características consideradas boas e a exclusão de características vistas como ruins. Desta maneira, podemos imaginar uma sociedade sem individualismo, uniforme em todos os sentidos. O fortalecimento físico, a ausência de doenças e a estabilidades de emoções são algumas de suas promessas. Ou seja, a perda do que nos torna únicos e diferentes uns dos outros.

Além disso, é importante ressaltar que esse tipo de tecnologia, não estaria disponível a população em geral, devido o seu auto custo. O seu uso estaria restrito a uma pequena parcela que se tornaria mais forte e com totais condições de domínio sobre os considerados inferiores. O mundo já passou por algo semelhante como a escravidão dos negros no Brasil ou o nazismo na Alemanha.

Logo, é evidente o problema da revolução transumanista merece maior atenção por parte da sociedade, que ainda não a compreende. Desse modo, uma das alternativas a serem tomadas é a união de especialistas e do poder público no sentido de proteger a população e elucidar essa questão."
redacoes_uol,2019,"Ciência, tecnologia e superação dos limites humanos",720,"
É evidente que a ciência e a tecnologia facilitam a vida humana há anos. Atualmente, tudo está ligado à elas. Conquistando, ano após ano, avanços significativos e primordiais, chega-se a um ponto em que torna-se preocupante o que está por vir no futuro. Para toda mudança, há uma renúncia, ou seja, o lado bom e o lado ruim. Entretanto, quando relaciona-se a sobrevivência humana com poder aquisitivo, o cenário pode se tornar assustador.

Nesse contexto, podemos citar como exemplo, a série Black Mirror, que em seus episódios visionários apresenta tecnologias possíveis de se implantar nos humanos. A verdade é que ela passa uma mensagem ao espectador, na qual, as pessoas terão cada vez menos privacidade, tornando-se progressivamente solitárias e depressivas, apegando-se à tecnologias incríveis, porém, vazias.

Ademais, com todos esses avanços, diante dessas propostas de transformações, o cenário tenderá a ser favorável somente às pessoas com grande poder. O que tornará o mundo centralizado à estas , potencializando ainda mais suas forças. Por outro lado, o que pode ser benéfico para a população, é o fato do uso da ciência e tecnologia para impedir doenças ou até mesmo retardar o envelhecimento.

Portanto, à medida em que os avanços acontecerem, é preciso haver precaução para que não se forme uma elite transumana que comande e manipule o resto da população. Cabe ao governo e autoridades, apresentar resistência à mudanças que prejudiquem a maior parte da população, da mesma forma que é resistente à fabricação e uso de automóveis elétricos, por vias de interesse próprio na venda de combustível de sua estatal."
redacoes_uol,2019,"Ciência, tecnologia e superação dos limites humanos",720,"No século XVII, Johannes Kepler, astrólogo alemão, considerado figura-chave na revolução tecno-científica , apresentou teorias que mais tarde serviriam de base para a evolução humana . Hoje, no entanto, a superação dos limites humanos requer cautela, uma vez que o avanço da ciência e da tecnologia já alcançam dimensões incomensuráveis. Nesse sentido, os efeitos gerados por esses mecanismos devem ser analisados de forma sucinta e sólida, sob pena de prejuízos às futuras gerações.

Em uma primeira abordagem, e importante sinalizar que a revolução transumana remete, a curto prazo, a solução de problemas do mundo atual. Como resultado do avanço científico no campo da medicina, por exemplo, o tratamento de doenças, bem como a cura do câncer e do vírus HIV , finalmente deixariam de ser uma realidade distante. Contudo, esse progresso depende da correta utilização dessas tecnologias o que deve, pois, ser fonte de debates entre as potências mundiais, pioneiras no estudo desses instrumentos, e a população.

Além disso, ressalta -se que os altos investimentos em tecnologia científica não se faz presente de maneira isonomia e proporcional em todas as nações. Por isso, não é razoável que, em um panorama global em que há altos índices de pobreza e miséria em países subdesenvolvidos e emergentes, somente parcela das lideranças políticas e de indivíduos influentes tenham acesso a essas inovações. Dessa forma, é de suma importância que a revolução pós-humana chegue para ambas as classes, sob pena de geração de uma sociedade altamente totalitária e seleta, interiorizado os demais indivíduos.

Torna-se evidente, portanto, que a superação dos limites humanos sob o viés tecnológico e científico requer um amplo debate sobre as suas consequências. Assim, e necessário que o pós-humanismo beneficie os indivíduos como um todo por meio de pesquisas feitas pelos grandes centros laboratoriais na área da engenharia genética, precipuamente, que colaborem para a busca da cura de doenças transmitidas por vírus com o propósito de diminuir os índices de mortes em países pobres. Em adição , essas pesquisas e a distribuição igualitária dos investimentos devem ser feitos através de fundo arrecadados pela ONU a fim de viabilizar tal processo."
redacoes_uol,2019,"Ciência, tecnologia e superação dos limites humanos",600,"É notório que o desenvolvimento tecnológico vem crescendo muito ao longo do tempo, principalmente após a revolução industrial. Tal desenvolvimento busca sempre melhorias para a vida do ser humano, mas muitas vezes não se observa isso na pratica.

Cabe mencionar que graças ao avanço tecnológico, principalmente no ramo da biotecnologia varias enfermidades que antes eram intratáveis torna-se hoje tratáveis, podemos citar como exemplo a radiação sendo utilizada para matar as células cancerígenas, sendo assim esse procedimento hoje é muito utilizado no tratamento de várias espécies de câncer. Podemos citar como exemplo também o HIV que é uma doença incurável, mas graças ao avanço da biotecnologia, há remédios que podem reduzir drasticamente a progressão da doença. Então, no que tudo indica, a revolução do transumanismo é só questão de tempo.

Entretanto a de se pensar qual será o preço dessa tecnologia, em que a ciência garantira a saúde, a juventude e a imortalidade. Será que todos terão condições financeiras para adquirir tal tecnologia ou vai ser algo onde os ricos viveram para sempre, enquanto os pobres que não tem condições para adquirirem , viverão mendigando cada segundo por algo que não poderão ter. o filme ""O preço do amanhã"" daria uma boa ideia de como possa ser essa nova sociedade futurista, onde e a sociedade é bem dividida entre os pobres, que trabalham, e os ricos, dominantes, sendo que só os ricos teriam viva eterna.

Feitas as devidas reflexões, percebe-se que o avanço da tecnologia é indispensável para a melhoria de vida da humanidade. mas o ponto chave é torna tau tecnologia acessível a todos. Para isso precisa-se que os governos invistam mais no desenvolvimento tecnológico e não apenas os grandes capitalistas que só visam o lucro. Para quem sabe assim, o governo possa através de suas políticas torna tau tecnologia acessível a todas as classes sociais."
redacoes_uol,2019,"Ciência, tecnologia e superação dos limites humanos",800,"Desde a expulsão de Adão e Eva do Jardim do Éden, o ser humano tem sido obrigado a buscar a sua própria sobrevivência e bem-estar. As várias revoluções ocorridas ao longo da história são exemplos claros dessa necessidade de desenvolvimento por parte do homem. Nos últimos anos, a Revolução do Transumanismo ou Pós-Humanismo que, em síntese, significa o aprimoramento das capacidades humanas por meio da utilização de tecnologia avançada, tem ganhado considerável importância, tornando-se cada vez mais iminente e, também, preocupante.

Não se pode negar que a Revolução Transumanista resolveria boa parte dos problemas, principalmente aqueles relacionados a doenças graves. Contudo, sendo o homem um ser ganancioso por natureza, o objetivo do Pós-Humanismo é ir além, é aprimorar as capacidades humanas a ponto de alcançar a imortalidade. Fato esse que resultará na superioridade de uma minoria sobre a maioria, uma vez que novas tecnologias, principalmente no período de lançamento, costumam ser dispendiosas e acessíveis a poucos.

Nesse contexto, vale citar dois eventos em que a ganância humana culminou em consequências desastrosas. O primeiro foi a expulsão de Adão e Eva do Jardim do Éden por terem se alimentado do fruto proibido, na tentativa de obter conhecimento igual ao de Deus. E o segundo diz respeito ao período do Nazismo em que Adolf Hitler e companhia usaram de seu poderio para escravizar uma população inteira. Eis, o que pode acontecer neste século, caso a Era Transumanista seja concretizada.

Portanto, o Transumanismo resultaria em consequências muito mais calamitosas do que em benefícios para a humanidade. Por conta disso, para minimizar os impactos, seria fundamental que a ganância do ser humano não prevalecesse perante seus semelhantes e perante os desígnios de Deus. O criador da vida deu capacidade ao homem de inventar artifícios para combater doenças e minimizar sofrimentos, mas o poder da imortalidade é somente Dele"
redacoes_uol,2019,A ciência na Era da pós-verdade,520,"Durante toda a evolução do planeta em que habitamos, várias teorias que eram tomadas como verdade absoluta por muito tempo, foram derrubadas por outras teorias obtidas a partir de observações, que também não são extremamente confiáveis, e doutras vezes, são mais consistentes, obtidas através de fatos. O aprendizado que a humanidade tomou para si a partir disso, é o fato de que nem sempre o que se acredita por uma duração de tempo é válido.                              

Pensando nisso, e aplicando essa variabilidade de informações constantes na sociedade atual, nota-se que nada é recebido pela massa como verdade absoluta, o tempo de que as autoridades impunham o que devia-se acreditar , ou fazer, está ultrapassado e cada cidadão, conforme o andamento de sua formação, elege o que deve acreditar ou fazer, de acordo com seus princípios. Esse fato deve-se também aos órgãos de autoridade, como o governo, que ao mascarar e corromper verdades ao povo, perde sua credibilidade.                                                                                               

Além do mais, o avanço da tecnologia traz uma desvantagem muito perigosa, aonde qualquer pessoa, independe de sua qualificação, pode criar uma teoria a partir de fatos inconsistentes, e lança-la nas redes sociais, aonde todos terão acesso a mesma . Esses fatores, acoplados às fake news, e ainda mais reflexivo, aliado a dificuldade que a sociedade tem em acreditar em coisas que os olhos não veem, fazem com que, teorias irrefutáveis, como a importância da vacina e a curvatura da terra , tornem-se duvidosas. O problema de toda essa movimentação, é que as pessoas acabam ficando à mercê em torno de tantas informações recebidas e nem sempre tem sabedoria suficiente para acreditar no que é cientificamente e sociologicamente comprovado.           

Tendo todos esses fatores em vista, cabe a população procurar a confiabilidade da fonte em que obteve alguma informação antes de propaga-la . À NASA, ao Ministério da Saúde e tantos outros órgãos que tem seu andamento comprometido por diversas teorias malucas, cabe o esclarecimento dos fatos obtidos a partir de pesquisas sérias e assim juntamente com as escolas, devem tornar claro a população o coerente, como a importância das vacinas e o formato da terra.
"
redacoes_uol,2019,Criptomoeda: tecnologia e revolução econômica,1000,"As reflexões acerca de como o uso das criptomoedas pode representar uma revolução econômica mundial atestam a relevância do assunto na atualidade. Entretanto, embora essa tecnologia de criptografia possa exprimir uma política monetária dos novos tempos e proporcionar grande autonomia para seus usuários, há uma série de problemas que podem impedir uma revolução dessa proporção. Entre esses problemas estão: a resistência dos governos diante da perda de controle econômico em seus países e os riscos que apresentam para seus investidores.     
 
A criação das criptomoedas foi possibilitada pela tecnologia blockchain (cadeia em blocos), composta por uma base de dados que armazena o histórico de transações e possui uma forte criptografia nesse processo. Assim, diferentemente das moedas tradicionais, as moedas virtuais não são controladas pelo Banco Central, ou seja, o seu uso é livre de instâncias burocráticas. Dessa forma, como a maior fonte de poder para os governos são os seus bancos centrais e o monopólio de dinheiro, a possível mudança de um controle monetário centralizado para um descentralizado apresenta forte resistência dos governos, pois acabaria com tal poder. Um exemplo dessa perda de controle é que o governo ficaria impedido de emitir e valorizar a moeda e ainda de bloquear o dinheiro das pessoas, como historicamente já aconteceu em políticas econômicas de alguns países.                                                                      

É inegável a relevante transformação econômica, política e social que o uso das criptomoedas pode proporcionar para a sociedade atual vez que elas desburocratizam os processos, eliminam intermediários e permitem a descentralização da moeda. Todavia, existem riscos para os investidores nessas moedas em razão da abertura que elas oferecem para operações ilícitas. Nesse sentido, a moeda virtual é baseada em um software de código aberto que permite o anonimato das pessoas e, devido à dificuldade de rastrear os usuários, o mercado das moedas virtuais estimula a prática de crimes como a corrupção e a lavagem de dinheiro. Os bitcoins (primeira moeda virtual do mundo) utilizados pelos investidores no intuito de movimentar grandes quantias não declaradas são um exemplo dessa prática ilícita. 
       
 Portanto, verifica-se que vários são os fatores que impedem uma revolução econômica mundial proveniente das criptomoedas. Diante disso, para se esperar um crescimento considerável desse novo tipo de dinheiro são necessárias relevantes medidas, entre as quais estão a regulamentação específica da moeda virtual no que concerne a sua utilização e comercialização e o atendimento a critérios amplamente divergentes como a descentralização com proteção ao consumidor e a preservação do anonimato dos usuários sem ser um canal de evasões fiscais e outras ilicitudes.
"
redacoes_uol,2019,Criptomoeda: tecnologia e revolução econômica,80,"Com o passar dos anos a tecnologia cada vez mais toma espaço em setores da vida cotidiana, o dinheiro não ficaria fora disso. A criação do bitcoin em 2009 está abrindo portas para uma revolução econômica moderna. 
         
A criptomoeda chega para ultrapassar os bancos convencionais onde o governo exerce um forte controle estatal , através da emissão de moedas tradicionais no sistema financeiro atual . Por sua independência, os governos de todo o mundo ainda não sabem como regulamentar esse tipo de moeda, visando que tornaria seu controle obsoleto. 
                                                           
 Contudo, sua anatomia é o que conquista, agilizando transações econômicas, o sistema ""blockchain"" é formado por uma cadeia de blocos trancados por uma forte camada de criptografia, que torna impossível invadir esses recipientes, assegurando também que as moedas não sejam utilizadas mais de uma vez e cheguem ao destino certo.  
                                          
Esse sistema, uma espécie de livro contábil registra as transações de recebimento e envio de valores da criptomoeda, garantindo a segurança desejada pelos consumidores. A criptomoeda ainda não tem uma definição exata, mas veio para divergir o sistema financeiro mundial.
"
redacoes_uol,2015,O sucesso vem da escola ou do esforço individual?,400,"É habitual em nosso país, nos depararmos nos noticiários e redes sociais com casos de violência, falta de recursos e descasos nas escolas públicas brasileiras. Pesquisas também apontam que um em cada cinco estudantes do ensino fundamental das escolas públicas não atingem os níveis mínimos de alfabetização em leitura, escrita e matemática, porém, dentro desta triste realidade existem contrapontos, como é o caso do filho do pedreiro com a catadora de castanhas, Ismael do Nascimento Silva.

Ismael do Nascimento Silva se formou no curso de direito este ano e durante sua colação de grau homenageou seus pais, os referindo como seus heróis. Filho de trabalhadores de classe baixa e estudante de escolas públicas, sempre teve força de vontade e coragem para superar todas as dificuldades que apareceriam em seu caminho. Ismael, agora advogado, relata em entrevistas o quão difícil foi sua caminhada, contudo, sempre contou com o apoio emocional e afetivo de seus pais.

Então, nos deparamos com a seguinte questão – O sucesso vem da escola ou do esforço individual?

Acredito que não possamos atribuir como garantia de sucesso apenas na escola ou então no esforço individual. O sucesso é um conjunto de fatores, que se trabalhados agrupados,  podem sim garantir êxito ao estudante.

Penso que para o desenvolvimento do bom aluno, é necessário que o mesmo primeiramente encontre dentro de casa apoio, dialogo e amor junto a sua família. Uma criança que recebe atenção e princípios, logo intende e diferencia o certo do errado, passará a valorizar mais seus estudos e consequentemente seu futuro. Em seguida atribuímos como um segundo fator para alcançar o êxito, a escola e seus professores. Escolas atrativas para crianças e adolescentes e professores motivados a ensinar podem ajudar a construir futuros brilhantes.

Alcançar o sucesso é algo muito subjetivo, necessita da contribuição de fatores externos como também de motivação própria, aquela que nos faz enxergar à frente de toda a adversidade. Para muitos o sucesso nunca é conquistado, ele se encontra na coragem de a cada desafio cumprido almejar novos sonhos e conquistas ."
redacoes_uol,2016,Impeachment: a presidente deve perder o mandato?,350,"Atualmente, num país tropical e constitucional, a questão que vem sendo discutida é a possibilidade de um impeachment da presidente da república , Dilma Rousseff, do PT. Nesse ambiente de discussão política, é necessário certificar se há justificativas plausíveis para que esse afastamento da presidente venha a acontecer. E é nesse contexto onde surge a pergunta: ""Impeachment: a presidente deve perder o mandato?"".

A Constituição vigente no Brasil é a de 1988, esta, que existe crime de responsabilidade cometido pelo presidente da república para que aja um impeachment. Baseado nessa informação e em fatos jurídicos, não há crime ou investigação comprovado contra Dilma Rousseff no seu segundo mandato. É notável que existe uma oposição conservadora, com estratégias políticas que visa apenas o seu benefício com esse afastamento da atual presidente.

Seria um golpe ou um impeachment? Um golpe. Golpe este, disfarçado pela oposição, de combate à corrupção e à crise econômica.  É impossível não comparar essa atual situação com o golpe de 1964, onde um discurso camuflado de melhorias para o país, estendeu-se para uma ditadura militar que durou 21 anos, estes, de perseguição, silêncio popular e trevas.

Mediante esses argumentos e fatos históricos, fica claro que a sociedade tem um papel importante e não deve permitir um tamanho retrocesso. É necessário investir em aulas de história e palestras, abrindo assim, caminho para a não alienação da mídia na sociedade. Protestos pacíficos e atitudes que valorizem a democracia, pois como diz o historiador Leandro Karnal, ""A democracia ainda é o melhor sistema de um país""."
redacoes_uol,2016,Impeachment: a presidente deve perder o mandato?,250,"Dilma Rousseff não está em condições de governo . Não é necessário ser muito instruído para perceber que o país está passando por uma forte crise política e econômica.

Creio que a operação lava jato e o estado econômico atual são os principais motivos para o impeachment, hipótese afirmam que a presidente tem culpa diante dos escândalos da Petrobrás. A função de um presidente acima de tudo é fazer com que o país prospere, Dilma está no seu segundo mandato e pouca coisa mudou dez de que assumiu o poder.

O julgamento do impeachment é antes político do que jurídico, mas o que podemos esperar de um governo corrupto. Mas se os fatos de que a presidenta tem envolvimento com os escândalos da Petrobrás forem verídicos já é mais o suficiente para a perda do mandato."
redacoes_uol,2016,"Política X Ciência: a ""pílula do câncer""",150,"Muitas pessoas estão sendo afetados pelo câncer!

A fosfoetanolamina a pílula do câncer foi aprovada pela presidenta Dilma Rousseff no dia 13 de abril desse ano.

Ouve várias manifestações, vários brasileiros sairam as ruas protestando a favor de liberar a pílula do câncer O remédio foi objeto de estudo por mais de duas decádas do professor Gilberto Orivaldo Chierice, hoje aposentado. O uso da pílula estava proibido devido a falta de testes definitivos sobre sua eficácia.

""É errado chamar o câncer de doença porque na verdade é um conjunto de mais de cem doenças que são tratadas de força especifíca"", afirma Gustavo dos Santos Fernandes.

As pessoas que tem câncer e seus familiares querem de todo jeito a pílula do câncer pois acham que a pílula vai curá-los, mas a pílula não é para todo tipo de câncer é apenas um experimento que talvez possa dar certo e talvez não, pois os cientistas acham que não possa dar certo porque não foi analisado por farmacêuticos especializados na aréa de remédios.  Para os pacientes usarem estas pílulas basta os ciêntista testarem as pílulas em laborátorios específicos para depois se ela for aprovada eles serem retornadas aos pacientes."
redacoes_uol,2016,Carta-convite: discutir discriminação na escola,0,"Hoje o que mais se ver em jornais, revistas em internet é o preconceito e a discriminação na maioria das escolas não só no brasil mais como em todo o mundo, pode ser visto briga na saída de aula em intervalo a onde quer que se vá sempre tem uma encrenca aqui e outra ali, mais a maioria das vezes o preconceito e a descriminação não acontece só com alunos mais sim com eles o ensinados os mestres os que fazem papel de pai e mãe na sala de aula, os professores sempre sofre mais por tira aquele ponto ou não da aquela nota.

Muitas das vezes pessoas apanha de coleguinhas por motivos que ninguém se sabe explica ou esta brigando por causa de namorado ou por motivo tolos, também podemos ver alunos batendo em professores cometendo seres de erros e não tendo a punição certa para o caso.

Pode ser feito varias proposta para se acabar com esse tipo de problema nas escolas do mundo, pode punir o aluno ou ate mesmo o professor ou qualquer outro que cometer esse tipo de descriminação até mesmo o preconceito, pode a ver comunicado com pais de alunos que sofrem e o que cometem o erro mais deve a ver uma solução o mais rápido possível por se não vamos ver isso sempre."
redacoes_uol,2016,"Política X Ciência: a ""pílula do câncer""",250,"É possível afirmar que uso da substância fosfoetanolamina já deixou de ser uma novidade há muitos anos pois o uso da mesma é de conhecimento público tendo em vista que por meio das autoridades políticas do nosso país uma lei foi sancionada dia 13 de abril de 2016 permitindo o uso da substância por pacientes diagnosticado com neoplasia maligna.  Em contra partida autoridades de âmbito científico desaprovam o uso da substância enfatizando a complexidade deste assunto.

As autoridades políticas tomaram um posicionamento favorável defendendo os diretos da população afetada. mediante as evidências que foram apresentadas pôr pacientes que pôr sua vez comprovam a eficácia do uso da ""pilula do câncer"" assim chamada a fosfoetanolamina adotada como forma de tratamento. Tornando lícito o uso dessa substância e proporcionando assim melhoria no tratamento de pacientes já diagnosticado.

Somado a isso, podemos dizer que as autoridades cientificas pôr sua vez não ignora o fato de se exija uma melhor apuração de provas científicas que comprovem a eficácia do tratamento com uso dessa substância. levando em consideração não apenas a possível melhoria de pacientes que já utilizam dessa forma de tratamento. Mais também priorizando todo os meios de análises que os assegurem de que seja totalmente benéfico a saúde dos pacientes.

Dessa forma se faz necessária a elaboração de uma fiscalização aprofundada no controle de fabricação e distribuição dessa substância medicamentosa proporcionando segurança as seus usuários e desenvolvendo novas pesquisas e contribuindo com a saúde da população de forma politica e científica utilizando todos os recursos possíveis para tamanho investimento na área da saúde."
redacoes_uol,2016,A tecnologia e a eliminação de empregos,250,"Vivemos na era tecnológica, vivenciamos a cada dia suas fantásticas proezas. A propaganda que o universo tecnológico nos faz é a de sempre idealizarmos o melhor de seu ramo, assim, conseguem inibir e mascarar os problemas da sociedade.

Um de seus malefícios é a substituição de trabalhadores braçais por máquinas mais ""competentes"" perante o homem, desde a implantação das máquinas na área de trabalhos , a queda de requerimento para trabalhadores é gritante.  Robôs que foram programados para nos auxiliarem,  futuramente estarão ocupando nossos lugares no trabalho, gerando um desemprego em grande escala.

Para os futuros profissionais, a disputa contra as máquinas há de vir com mais força que atualmente. Precisaremos nos mostrar mais humanos e valorizar nossas característica sensoriais.  Possuimos a vantagem de já ter visto a alteração do homem pela máquina antes, pois isso nos da uma visão de como será a luta para continuar no mercado de trabalho contra os androides.

De forma geral, o avanço vertiginoso da tecnologia é assustador. Estudos comprovam a redução de trabalhadores nos anos anteriores devido a introdução de robôs na área, mas não podemos deixar a máquina ocupar o lugar de seu criador nos anos seguintes."
redacoes_uol,2016,"Pós-verdade, opinião pública e democracia",300,"A mídia e a internet são grandes aliadas na propagação de informações devida à agilidade , porém se o conteúdo a ser transmitido for falso, elas se tornam armas nas mãos de mentirosos. As pessoas que não possuem senso crítico são muito influenciadas por qualquer tipo de notícia.

Com o avanço da tecnologia as pessoas têm acesso muito rápido a diversos acontecimentos mundiais através de um clique. Muitos problemas aparecem em decorrência de uma informação distorcida ou mentirosa. O Brasil passa por um momento muito turbulento na política e muitas inverdades são divulgadas com a intenção de destruir a imagem de um político. Pode-se citar o que aconteceu com a ex presidente Dilma Rousseff, que teve sua imagem arruinada pela mídia e internet, como o seu governo já estava enfrentando sérios problemas de gestão, as falsas notícias que eram divulgadas, contribuíram para a sua saída da presidência.

Além disso, a maioria das pessoas não possuem capacidade de analisar e questionar os fatos apresentados, elas acreditam em tudo que leem. Os opositores aproveitam dessa condição e começam a divulgar falsas informações. Um exemplo disso foi o que ocorreu com a Deputada Maria do Rosário, que recebeu diversas ofensas porque foi divulgado uma falsa notícia na internet em que ela defendia os bandidos e era contra a polícia.  Apesar de já ter desmentido diversas vezes, seu nome ainda é citado por muitos, como a deputada que defende bandidos, tudo isso porque as pessoas não buscam se informar melhor, não procuram outras fontes e se deixam levar pela primeira notícia que leem.

Portanto é preciso que os veículos que prestam informações apurem melhor antes de publicar uma notícia, principalmente as redes sociais, onde muitos acham que podem postar o que quiserem, mesmo que não seja verdade. É preciso que as pessoas questionem o conteúdo da informação e busquem por outros textos que relatam o mesmo assunto, para que assim saibam diferenciar o que é verdade e o que é mentira."
redacoes_uol,2016,Artes e educação física: opcionais ou obrigatórias?,350,"Foi, recentemente, anunciada a proposta de que as disciplinas de artes e educação física deixariam de serem obrigatórias, ou seja, a escola poderia decidir se continuaria ou simplesmente deixaria as mesmas de lado.  Isso seria mesmo uma boa ideia?

Sabe-se que grande parte da população brasileira está acima do peso considerado ideal. Isso se dá devido à alimentação que não é saudável e por não praticar exercícios regularmente, conforme é recomendado. Muitos jovens praticam exercícios somente na escola, portanto, extinguir a mesma tornará a qualidade de vida dos mesmos ainda pior. Assim como, artes é uma disciplina que é reconhecida por sua criatividade e expressividade, tanto que as atividades artísticas costumam expressar os sentimentos de cada um.

Vale ressaltar como tal opcionalidade prejudicará quem pretende seguir alguma profissão relacionada a estas . Pois, para quem terá, por exemplo, desenhos ou atividades físicas como base de sua profissão, deixarão de adquirir os conhecimentos básicos que eram passados para os jovens no ensino médio. É negativo também ao auxiliar os estudantes na escolha de sua profissão e curso superior. Isso ocorre, pois, ao não praticarem estas atividades deixarão de ter um conhecimento do que as mesmas exigem e proporcionam para saberem se pretendem tê-las em sua formação futura.

A educação no Brasil é muito precária, mas isso se deve a outros fatores como: falta de investimento nos profissionais, escolas em péssimas condições, entre outros. Já a opcionalidade de algumas matérias que são de extrema importância não fará com que os índices melhorem. Portanto, vale mais um investimento para a melhoria do que já se tem."
redacoes_uol,2017,É preferível praticar ou sofrer uma injustiça?,100,"Já dizia Sócrates: ""A formação do caráter tinha como finalidade a ética, condição essencial da felicidade"". O filósofo que foi injustiçado, preferiu a morte a ter que deixar seus ideais de lado.

Este ato de injustiça na antiguidade, só nos mostra que a injustiça sempre esteve presente dentro dos seres humanos, e nos traz o questionamento: ""É preferível praticar ou sofrer uma injustiça?"".

Existem os Justiceiros , que são pessoas que fazem justiça com as próprias mãos, que leva no caso a violência, quando uma pessoa pratica uma injustiça, além de estar corrompendo seu caráter, ela provoca em outras pessoas o mesmo sentindo de estar sendo injustiçado, o que provoca muitas vezes, muita violência.

O ato de praticar uma injustiça pode conter um motivo, mas foge do caráter humano, portanto quando você que sofre, e esta do outro lado, você sabe que sua ética e seu caráter estão intactos, vem com uma lição: ""não seja assim"", ""não seja mais um a praticar este ato"". A justiça não precisa ser com violência, porém, quanto mais as pessoas praticarem este ato de injustiça, mais violência será gerada, então sim, preferimos estar com Sócrates, a ter o nosso caráter abalado.

Pois, já dizia Platão: ""Quem comete uma injustiça é sempre mais infeliz que o injustiçado""."
redacoes_uol,2016,Somos todos corruptos?,300,"A corrupção está cada vez mais instaladas nas raízes da sociedade brasileira. Desde dos pilares da sociedade até em que a representa como é o caso dos políticos que notavelmente estão envolvidos em escândalos de corrupção, nepotismo e negligência por parte da população.  Embora haja esse mesmo comportamento por parte da população que no cotidiano age na conhecida fala jeitinho brasileiro.

Nessa realidade casos de corrupção são comumente noticiados por parte da mídia tanto em casos de grande destaque como são os políticos mais também os que acontece no cotidiano onde notamos que o jeitinho brasileiro acaba por deixamos fechados em nossos próprios interesses, prejudicando outras pessoas. O ato de querer tirar vantagem em tudo não é só prejudicial para quem o pratica mais para pessoas que observam e são complacentes com esses atos passos de uns para os outros o exemplo de que só pode subir na vida, burlando a lei e passando por cima dos outros.

Atos de corrupção são um grande atraso na sociedade brasileira onde afeta todas as áreas institucionais, um fato que não era para ser encarado como normal acaba sendo por sua frequência e sua história carregada de corrupção além de uma punição efetiva, a conscientização da população é algo imprescindível, o fato de o brasileiro aprender a separar o profissional do pessoal onde dar um jeitinho para conhecidos não seja algo comum mas visto como ele é um ato de corrupção.

Além da população cobrar punições para atos de corrupção, ela também deve ser o exemplo e o processo de não aceita lá é essencial para acontecer a mudança na nossa sociedade, não aceitando corrupção de nenhum tipo é o começo de um longo caminho que devemos percorrer para que a corrupção seja combatida."
redacoes_uol,2015,"Disciplina, ordem e autoridade favorecem a educação?",300,"Com uma educação de qualidade e disciplina exemplar, os colégios militares vem  se destacando cada vez mais no requisito educação. Assim, é notável que os pais matriculem seus filhos nestes colégios, pois, se tornarão pessoas mais preparadas para o mercado de trabalho e ate mesmo para a vida fora da sala de aula. O que para alguns  é uma boa opção, mas tem aqueles que não são favoráveis á essa escolha.

Assim, especialistas discordam com a pratica da militarização em salas de aula, pois, abre mão da maneira pedagógica de ensinar e apelam para a rigidez da disciplina militar. Pois, dizem que, é na escola de educação básica onde o aluno aprende os valores para si  tornar cidadão e assim,  seguir á  vida. Além disso, é o lugar onde se começa a ter um melhor conhecimento de mundo e de si mesmas.

No entanto, tem aqueles que são á favor pois afirmam que vão aprender uma disciplina rígida e eficaz para toda vida e assim,  as tornaram adultos mais responsáveis e disciplinados, podendo ate mesmo opinar por uma carreira militar de sua escolha e proteger os cidadãos.

Em relação ao ingresso de alunos nos colégios militares, é de legal importância que cada um descida da melhor forma possível o que melhor os convém. Pois, cada cidadão escolhe o que é melhor para sua vida e de como quer seguir seu caminho. No entanto, todos devêm estar cientes de que, a carreira militar sempre foi rígida e é preciso que o aluno esteja cada vez apto a enfrentar os desafios que lhe forem apresentados."
redacoes_uol,2015,Organismos transgênicos: fonte de problemas ou de soluções?,350,"Os organismos transgênicos possuem propriedades múltiplas. Aparentemente, eles podem ajudar no combate à fome e à algumas doenças. Esse é um claro exemplo de que o avanço científico e tecnológico pode trazer muitos benefícios para a humanidade.

E é por isso, que o Brasil é um dos países que mais produzem alimentos geneticamente modificados, como grãos e fibras, pois reconhece a importância da biotecnologia para a agricultura. Existem muitos países, como Nepal e África do Sul, em que a produção desses alimentos seria muito útil para seus habitantes, pois, é de conhecimento internacional que nesses países, existe uma grande quantidade de pessoas desnutridas. Os organismos transgênicos certamente ajudaria na maior conservação dos alimentos.

Além disso, de acordo com José Graziano, presidente da FAO, é possível alterar a estrutura genética de um macho do mosquito Aedes aegypeti , desse modo, ao soltá-lo, ele não procriaria, o que traria uma diminuição dos casos de dengue nas regiões brasileiras.

Pode-se observar, que os organismos geneticamente alterados representam soluções para muitos problemas da humanidade. Diante disso, a biotecnologia deve ser cada vez mais explorada e potencializada, a fim de trazer sempre melhores resultados para a sobrevivência do homem e do meio em que vive."
redacoes_uol,2017,É preferível praticar ou sofrer uma injustiça?,400,"O texto nos revela um dos mais antigos questionamentos da humanidade desde a idade antiga ""praticar ou sofrer uma injustiça"", o qual se encaixa perfeitamente ao mundo atual que vivemos e aos fatos que testemunhamos.

Sócrates deixa em diálogo que seria preferível para si sofrer uma injustiça ao invés de pratica-la mas isso é totalmente o contrário do que estamos acostumados a presenciar nos dias de hoje, um mundo repleto de injustiças nas mais diversas áreas.

Segundo o filósofo Jacques Rousseau, ""o ser humano nasce bom, a sociedade o corrompe"" a frase nos leva a perceber que as ações do ser humano não passam de um reflexo do meio em que o sujeito vive e se constrói.

Em virtude do exposto temos por conclusão que as injustiças estão impregnadas na civilização desde seus primórdios e revelam um ciclo vicioso de sofrer injustiças e pratica-las , onde apenas uma transcendência cultural seria capaz de por fim a este fenômeno."
redacoes_uol,2015,Bandido bom é bandido morto?,400,"Em um país onde a violência aumenta gradativamente e a segurança tende a ficar cada dia pior, surgem grupos de pessoas que auto denominam-se ""justiceiros"", as quais estão ali para proteger a população, já que a sensação de segurança não é proporcionada pelo poder público. Com isso, a classe média brasileira vibra, a cada bandido morto, a cada delinquente espancado,  como fazem  questão de dizer ""Bandido bom é bandido morto"". Como já sabemos  a corda sempre rompe do lado mais fraco, do lado do criminoso que não teve acesso a educação e a muitos outros direitos que qualquer cidadão tem.

Para aqueles que são justiceiros  é muito fácil de chegar com uma gangue e humilhar, amarrar e espancar um jovem pobre, na maioria das vezes negro e que não teve acesso à educação, assim, teve que seguir no rumo da criminalidade, fazendo assaltos e outros tipos de delitos para sobreviver, entrando em um mundo sem saída, onde mesmo tendo se arrependido depois de um tempo não tem mais como voltar e estará sujeito para sempre a viver no mundo da criminalidade.

Portanto, a maneira certa de se combater a criminalidade não é partindo de um ato violento, mas sim com um maior patrulhamento da polícia em todas as localidades do país, para que toda a população possa andar tranquilamente pela rua. Além da implantação de escolas de qualidade, as quais todos possam ter o livre acesso para estudar, só  assim vamos conseguir diminuir os atos de violência no território brasileiro e aumentar a sensação de segurança."
redacoes_uol,2015,"Disciplina, ordem e autoridade favorecem a educação?",650,"O Brasil assiste à harmonia do sistema de educação nacional. Essa frase, infelizmente distancia-se da realidade, à medida que se observa a precariedade de colégios, os alunos desinteressados e uma didática obsoleta.  No entanto, a militarização de colégios promete consolidar a ordem, o ensino de qualidade e garantir a disseminação da cidadania à nação.

Há quem diga que a ampliação dos colégios militares é um bem à sociedade, por promover avanços no desenvolvimento cognitivo dos estudantes. Esse fato, comprova-se ao observarmos os resultados dessas instituições no Enem (Enem Exame Nacional do Ensino Médio), os quais superam, inclusive, o desempenho de muitas escolas particulares. Além disso, a presença de oficiais no lócus do conhecimento tem promovido um ensino de qualidade, que reduz a violência escolar e desenvolve alunos disciplinados e cidadãos.

Ainda assim, há aqueles que divergem sobre a implantação dessas instituições em virtude do autoritarismo militar, o qual pode inibir a formação de valores individuais e coletivos como, a criatividade, as relações interpessoais e ,ainda, desenvolver jovens lacônicos acríticos. Entretanto, essa visão é dúbil , na medida que compara as escolas militares aos mecanismos de ensino espartanos, extremamente arcaicos na sociedade contemporânea. Desse modo, é válido lembrar que presença de oficiais em colégios busca disseminar a ordem e o progresso lema da nossa bandeira.

É evidente que a inserção da disciplina, da ordem e da autoridade no lócus do conhecimento é necessária para consolidar um sistema educacional cidadão. Portanto, urge que o Estado dissemine as escolas militares por meio de maiores investimento e pela facilitação do ingresso de estudante nessas instituições de ensino, o qual ocorre muitas vezes por meio de sorteios. Nesse sentido, será possível assegurar a formação de uma sociedade envolvida pelo saber."
redacoes_uol,2015,"Forma física, corpo perfeito e consumismo",500,"É condenável a forma com as pessoas se preocupam com a aparência no Brasil. São inúmeras as tentativas de obter um corpo perfeito, como cirurgias plásticas, que induzem ao consumo e podem resultar em morte.  Portanto, é necessário o rompimento dos padrões de estética que são impostos à sociedade.

Deve-se compreender, a princípio, que antes de tomar qualquer providência, para melhorar a aparência, o cidadão passa por uma série de influências. Os padrões estéticos ditados pela mídia e a intenção de ser incluso na sociedade são situações que despertam o desejo por um corpo perfeito. Dessa forma, cria-se uma busca constante por beleza.

Além disso, esse anseio exagerado em se tornar belo pode trazer inúmeros problemas de saúde. Na tentativa de encontrar o método mais barato, para manter a boa forma, o indivíduo acaba por ser entregue nas mãos de falsos médicos. O que devido a um trabalho mal feito ocasiona infecções, alergias, doenças mais graves e até mesmo morte.

Sendo assim, é preciso que haja maior fiscalização em relação à profissionais que se dizem qualificados. A sociedade, juntamente com as escolas, devem trabalhar com palestras educativas, a fim de romper com os paradigmas de beleza impostos aos cidadãos e promover uma integração entre eles. Logo, será possível formar uma sociedade consciente e com menos riscos causados pela busca constante em ter um corpo perfeito."
redacoes_uol,2015,Água: aprenderemos com a atual crise hídrica?,500,"Composta por dois átomos de hidrogênio e um de oxigênio, a água, a riqueza da qual tanto precisamos para sobreviver está cada vez mais escassa. Isso se da pelo pouco volume de chuvas (abaixo do esperado) e do mau uso da população, que vem acarretando na maior crise hídrica do país.

Os reservatórios de água estão com volumes muito abaixo de sua capacidade. As irregularidades das chuvas continuam impedindo a recuperação dos reservatórios que vem diminuindo desde 2012 e acabou por ficar em seu limite neste ano, como é o caso da Cantareira que tem apenas 5% de seu potencial total. Porem neste mês de fevereiro com a grande quantidade de chuva no estado de SP , seu potencial passou para 8,3%, mas já voltou a cair.

Por outro lado, o problema não é somente da chuva e sim do desperdício. O mau uso da água infelizmente continua mesmo na crise. As pessoas precisam entender que a água doce no mundo um dia acabará. As empresas e indústrias não são só as responsáveis pela redução da água potável, há uma falta de conscientização de algumas pessoas na hora do banho, lavar roupas/carro/calçadas entre outros .

Em vista disso, coletar água de chuva para limpeza ou filtrar para beber, reusar água da maquina de lavar, diminuir o tempo do banho e nunca poluir os rios, lagos são medidas que aos poucos podem ajudar a vencer a essa crise. Enquanto fazemos nossa parte, vamos aguardando a chuva nos honrar com sua chegada."
redacoes_uol,2015,É válido simplificar a linguagem de um clássico?,850,"""Entendo por que os jovens não gostam de Machado de Assis"". Assim a escritora Patrícia Secco justifica as adaptações por ela feitas do clássico ""O Alienista"" em uma versão simplificada que visa facilitar a compreensão dos leitores. Porém, será que o problema é que os jovens não gostam de Machado de Assis ou que não gostam de ler?

Um dos papéis da escola é despertar no aluno o interesse pela leitura, pela história e pela cultura do seu país. Se o objetivo do professor fosse apenas auxiliar o aluno a responder as questões de provas, bastaria que este lesse um resumo ou apostila com os pontos principais do livro. Mas, ao ler na íntegra a obra literária, o leitor tem a oportunidade de mergulhar no universo que o autor pretendia ao escrevê-la e descobrir outros ambientes, outras emoções.

Se os jovens fossem mais incentivados ao prazer de ler não teriam dificuldades nesse sentido. Seria apenas uma questão de gosto a busca por uma linguagem mais simples, atual ou clássica e rebuscada. Além disso, não é porque as obras de Machado de Assis, Graciliano Ramos, Álvares de Azevedo e outros estejam nos currículos escolares que elas só sejam lidas com objetivo educacional. Elas são tão impressionantes que resistiram ao tempo.

A verdade é que, com o avanço das mídias tecnológicas, em que tudo é cada vez mais rápido e fácil, são poucos os jovens que se interessam pela leitura, algo que demanda tempo e concentração. Mas essa é uma questão social e cultural que precisa ser trabalhada.

Portanto, a escola é o lugar certo para aproximar a juventude da cultura, do aprendizado e de desafios que enriquecem o conhecimento. A versão simplificada irá privá-los da oportunidade de conhecer a profundidade da obra de Machado de Assis e talvez de muitos outros gênios, por contentar-se apenas em simplificá-los."
redacoes_uol,2015,Intolerância religiosa: regra ou exceção no Brasil?,650,"O Brasil não tem histórico de conflitos religiosos como aconteceu na Europa entre católicos e protestantes ou como acontece na índia e oriente médio. A intolerância religiosa fere não só a moral de qualquer religião, ela também destrói qualquer vestígio de humanidade e sanidade, pois além de ser uma violência é um ato bastante desumano. Acabar com esse mal antes que ele se enraíze talvez seja a melhor solução.

Uma menina de 11 anos praticante do candomblé foi vitima de insultos e pedradas por homens com bíblias na mão no Rio de Janeiro, provavelmente cristãos, ela chegou a desmaiar e ir parar no hospital. Os homens fugiram de ônibus. Esse fato causou bastante revolta da população brasileira, por se tratar de uma violência comum apenas em outros países. O que não se sabe na verdade é que o índice de intolerância religiosa no Brasil está aumentando significativamente nos últimos anos. O que causa revolta é principalmente o fato de uma religião que prega principalmente o amor ao próximo ser capaz de tamanha brutalidade.

A escolha religiosa é um ato de liberdade de expressão que inclusive é uma lei que rege o País . Qualquer ato que fere a isso é considerando crime, não só por se tratar de um crime de ódio como também por ser um ato desumano e de tamanha violência. Independe de alguém acreditar ou não em algo, ninguém tem o direito de impor ou querer julgar por isso.  Todo mundo tem direito de escolher ou seguir o que acredita. A violência, o ódio ou a perseguição não ajuda em nada a sociedade muito pelo contrário, o que ajuda mesmo é amor, o respeito, o ajudar o próximo e principalmente a tolerância entre as pessoas.

A partir disso , a punição por esse crime de preconceito e intolerância ajuda e muito a sanar esse mal. Deve se haver mais investimento em educação que é o pilar da sociedade e investigar melhor de onde está surgindo todo esse ódio que a muito tempo destrói vidas e famílias por todo mundo. Antes de sermos cristãos, católicos, protestantes, budistas, espíritas ou qualquer outra definição, primeiramente somos humanos é isso que nos tornas iguais."
redacoes_uol,2016,Impeachment: a presidente deve perder o mandato?,900,"O Brasil passa atualmente por um novo período de instabilidade política, dado o acatamento do pedido de impeachment contra a presidente da República Dilma Rousseff pelo presidente da Câmara dos Deputados Eduardo Cunha. Com o processo em andamento, o país está dividido entre os pró-impeachment e os apoiadores do governo.

A decisão de Cunha foi baseada na denúncia feita por Hélio Bicudo e Janaína Paschoal, dois juristas de renome. Nela, acusam a presidente Dilma por crimes de responsabilidade fiscal, sendo o mais relevante dentre eles o uso indevido dos bancos públicos para pagar dividas governamentais de forma antecipada, o que é absolutamente restringido pela Lei 101/2000 de acordo com o artigo 38, que proíbe claramente o uso antecipado de crédito no último ano de mandato. A pena para este crime é previsto na Constituição e consiste no afastamento do cargo.

A defesa relaciona o acatamento de impeachment por Cunha a uma vingança política contra o PT, pelo fato de o partido ter anunciado que votaria a favor da cassação do parlamentar na mesma manhã. No entanto, a fundamentação do pedido é jurídica e foi analisada com base nisto, não tendo a ver com subjetividade, e sim com uma conduta criminosa de Dilma. Embora não tenha sido provado seu envolvimento concreto no escândalo do Petrolão, a presidente esteve envolvida no sentido de ter sido chefe da casa civil , uma vez que tendo o cargo executivo, foi o tempo todo omissa , desse modo, conivente. Isto torna as condições políticas que configuram crime igualmente presentes.

Portanto, é necessário que Dilma seja devidamente punida, para que sirva de exemplo da mesma forma a futuros governantes, a fim de que estes andem sob a Lei, e que além disso possibilite continuar desenvolvimento-se a democracia , resgatando assim o sentimento de justiça e seriedade que tanto carece o país."
redacoes_uol,2015,Há limites para a liberdade de expressão?,600,"No dia 7 do mês de janeiro, um ato terrorista foi efetuado na Redação do jornal Charlie Hebdo, em Paris. Terroristas islâmicos mataram doze pessoas e várias outras foram feridas. Justificaram-se pelo fato de que o jornal satírico tinha como alvo frequente o profeta Maomé. No entanto,  levantou-se a polêmica sobre liberdade de expressão. Quais são, ou mesmo se existem limites.

A liberdade tem sim limite . Cada um exerce suas atitudes da forma a qual desejar, porém a partir do momento que a liberdade de expressão é usada como maneira prejudicial ao outro, surge como efeito errôneo .

Portanto , existem as leis, para equilibrar, dar os devidos marcos da expressividade. Se imaginarmos um mundo sem leis, poderíamos ver a zona; a liberdade geral faria com que não houvesse respeito mútuo.

No caso da ação terrorista sucedida, seria aceitável entrar em um consenso e expor uma denúncia ao Órgão de Defesa, fazendo o jornal retirar as charges sarcásticas. Assim, a liberdade teria vigor.

Logo, cabe a cada um a decidir o que faz, sem acometer ninguém. Certamente, o livre arbítrio está ligado ao bom senso. Use-o e abuse-o!"
redacoes_uol,2016,Escola no Brasil: com partido ou sem partido?,550,"Diante da emersão do projeto de Lei ""Escola sem Partido"", necessita-se analisar os pressupostos dessa proposta conservadora, porque busca intimidar o professor ao coibi-lo de expor suas ideologias no ambiente de ensino. O educador é um ser social crítico, proibi-lo de exercer sua função social é um atraso histórico.

A sociedade é marcada por divisões de classes antagônicas que se relacionam por diferentes meios. Nesse contexto, o profissional da educação é vítima de um sistema social alienador que impõe medo e individualiza os seres humanos. O professor na escola discute e aborda suas ideias sejam elas críticas ou conservadoras, o aluno democraticamente escolhe qual segui-la . Nessa perspectiva o professor não doutrina, e sim esclarece dúvidas.

Acusá-lo de doutrinação é oprimi-lo de construir uma sociedade democrática que luta por direitos e reconhece seus deveres. A educação tem a função social de construir indivíduos conscientes, justos, críticos que não se intimidam pelas desigualdades. No entanto, o ato de educador não esta livre de alienação e alienadores.

Em tese, aprovar a ""Escola sem Partido"" que prevê a punição aos professores que façam ""doutrinação ideológica"" na escola é um retrocesso. Pois, em vez de proibir, devemos exigir a discussão, a análise e o exame dos pressupostos que norteiam o discurso de pais, professores e alunos."
redacoes_uol,2015,"Disciplina, ordem e autoridade favorecem a educação?",600,"A educação no Brasil vem mudando ao longo dos anos. Dentre as diversas metodologias adotadas no pais , os colégios militares têm se destacado em seu nível de ensino e também na formação de seus alunos quanto cidadãos. O segredo por traz desses resultados é a soma de princípios fundamentais, que integram a policia militar nas escolas e buscam a excelência na formação de seus alunos. Mas até que ponto essa metodologia, mais autoritária, pode beneficiar os alunos?

O colégio possui uma administração mais rígida, onde a disciplina, a ordem e o respeito à autoridade formam o tripé balizador do ensino sem abandonar a pedagogia. Os colégios militares possuem uma facilidade maior em direcionar o aprendizado dos estudantes. Com regras bem definidas, o aluno absorve a responsabilidade de cumprir com as determinações de seus professores, que são vistos como uma autoridade educacional, com poder de cobrar um bom desempenho.

Em contrapartida , alguns sociólogos questionam a capacidade de desenvolver o senso critico e a criatividade do aluno devido ao excesso de rigidez que não da margem para desenvolver a autonomia e identidade. Nesse ponto, os colégios militares estão longe de tirar esses atributos, que são primordiais para a formação do caráter e cidadania. Ao contrario , os princípios aplicados no ensino, constroem um aluno com pleno senso critico,  do que é certo e errado, do respeito e da disciplina.

O colégio militar, cumprem com seu papel: formar alunos competentes, que superam os desafios do mundo la fora, com a determinação de um soldado, seja vestibular ou universidade, o diferencial esta na forma com que esse trajeto é percorrido, e nesse quesito, temos que admitir, os militares estão cumprindo o objetivo."
redacoes_uol,2016,Por que o Brasil não consegue vencer o Aedes aegypti?,750,"Há cerca de trinta anos os brasileiros travam uma verdadeira guerra contra o Aedes Aegypti , mosquito vetor da Dengue. A necessidade de erradicação dos mosquitos acentuou-se com a descoberta de novas moléstias transmitidas pela espécie, as febres Chikungunya e a do Zika, essa última suspeita de envolvimento com a microcefalia. A emergência de tais patologias associada ao período de chuvas do verão tropical, propício à reprodução do inseto, configurou-se como uma calamidade nacional, na qual surgiram especulações pessimistas sobre possíveis epidemias e diversas tentativas de por fim a esse panorama, já solidificado e insolúvel.

Já é de conhecimento dos especialistas a impossibilidade de erradicação dos mosquitos: além de extremamente versáteis na escolha de criadouros onde depositam ovos, têm um ciclo de vida extremamente rápido, dificultando a localização e o interrompimento de seu ato reprodutivo. Biólogos também afirmam que a utilização indiscriminada de inseticidas e de larvicidas contribui para a proliferação de indivíduos mais resistentes, tornando necessário o constante investimento em novos venenos.

Ademais, são fatores agravantes a quase inatividade governamental, a qual (quando ocorre) visa somente a contenção da espécie e não sua eliminação, mas também a falta de planejamento urbano, o que prejudica o acesso à água potável e à coleta de resíduos sólidos, culminando no aumento de criadouros do mosquito.

Tendo em vista a falta de participação governamental, o crescimento desordenado das cidades e a própria natureza do mosquito, erradicá-lo está fora de cogitação; São benéficas, contudo, medidas paleativas para o controle reprodutivo do inseto, como pesquisas sobre a possibilidade de inserção de predadores naturais e sobre trangênicos capazes de esterilizar populações, assim como maior planejamento para a urbanização e disponibilização de saneamento básico, de modo a reduzir o padecimento dos brasileiros."
redacoes_uol,2016,Filantropia: um exemplo a ser seguido?,900,"No mundo contemporâneo, grandes empresários e figuras midiáticas divulgam e/ou ajudam causas filantrópicas, tendo seus ""gestos de caridade"" aclamados pelos meios de propagação da informação, como recentemente foi o caso do multimilionário Bill Gates. Apesar de apreciados por muitos, os atos filantrópicos são, na realidade, frutos de uma profunda desigualdade social.

Cidadãos que, por pagarem impostos deveriam ter seus direitos básicos como saúde de qualidade garantidos pelo Estado, não o têm.

Isso resulta em uma dependência dos indivíduos por obras e programas sociais da iniciativa privada, quando isso deveria ser papel do Estado.

O Estado beneficia os empresários, que só enriquecem mais sendo promovidos por seus atos de caridade. Enquanto isso, os beneficiados pela filantropia permanecem dependentes, cada vez mais, de doações de empresários, e com poucas perspectivas de ascensão social por conta de sua condição, já que não existem muitas oportunidades que os contemplem.

Para resolver esse problema, é necessária a seguinte medida: que através de programas sociais, o Estado passe a fornecer saúde de qualidade e tratamentos especiais, no caso de deficientes físicos, e expandam programas de moradia já existentes, como o Minha Casa, Minha Vida."
redacoes_uol,2016,Somos todos corruptos?,550,"O jeitinho brasileiro, expressão que marca de forma mais contundente as características do povo brasileiro. A malandragem, a criatividade e até mesmo o empreendedorismo se sentem acolhidos pela expressão.

Mas de que forma essa expressão tão característica e amplamente adotada pelo brasileiro pode ser vista de forma pejorativa? Pequenas corrupções do cotidiano? Furar uma fila? Receber um troco errado? Pequenas atitudes que de certa forma denigrem a imagem de toda a população.

Até que ponto é aceitável marcar todo o povo brasileiro com a marca da corrupção. Todas as pessoas, ou pelo menos a maioria é adepta dessas pequenas corrupções? Vejo que de certa forma a expressão foi usurpada para marcar de forma deturpada o brasileiro.

Nem todos somos corruptos, nem mesmo a maioria o é. Então não entendo como podemos aceitar que o jeitinho brasileiro seja utilizado para marcar os corruptos. O jeitinho brasileiro é a criatividade, e não a desonestidade."
redacoes_uol,2015,"Forma física, corpo perfeito e consumismo",750,"Esteriótipos de beleza, seja ela masculina ou feminina são comum na sociedade desde séculos passados. Na literatura fica bem claro o tipo de mulher e seus dotes físicos valorizados em cada movimento literário. Entretanto, nos últimos tempos as pessoas têm encarado o padrão de beleza como algo primordial e peculiar em suas vidas.

Os recentes acontecimentos evidenciam que as pessoas têm mudado seus ideais de vida, seus objetivos, colocando seu alvo maior como o corpo perfeito, submetendo-se a cirurgias desnecessárias, horas longas de academia e dietas absurdas, pondo sua saúde em risco.

Toda essa idealização da beleza física não se propagou a toa; a mídia através da televisão e da internetinternet, tem disseminado padrões dia-a-dia , dando evidência maior a beleza, ao corpo escultural, incentivando cada vez mais adolescentes, jovens e adultos a encararem esse novo modo de vida, juntamente também com a medicina voltada a estética que com a ajuda da tecnologia tem lançado no mercado novas técnicas, novos produtos, como o botox, a lipoaspiração, a bichectomia, o hidrogel, entre outros; incentivando também ao consumismo exagerado.

É impresindível insistir no fato de que a saúde é muito prejudicada nesse meio . Nessa caminhada pela busca do corpo perfeito muitos adquirem danos a saúde física como infecções e alergias, que às vezes levam a morte. Toda via não é só saúde física que tem complicações, mas também a saúde mental, pois certas pessoas ficam tão obsecadas pelo tal objetivo, que desenvolvem um certo tipo de psicose, e na tentativa do corpo ideal recorrem a meios ílicitos, ou golpistas .

Nesse sentido pode-se presumir que vivemos hoje a ""era da futilidade"", pois em meio a tantos problemas que a tempos são combatidos e têm importância maior, as pessoas voltam-se para si mesmas para sua satisfação pessoal. Em suma talvez se houver uma maior propagação dos inúmeros riscos a saúde, e dos danos causados a sociedade, as pessoas ""caiam na real""."
redacoes_uol,2016,Por que o Brasil não consegue vencer o Aedes aegypti?,650,"É inegável que há um problema de saúde público , causado pelo Aedes Aegypti , tais como Dengue , chikungunya e Zika. O governo e órgãos competente vêm combatendo constantemente o mosquito, através de prevenção, informação e novos métodos, porém não está havendo eficacia , visto que só aumenta o número de vítimas dos vírus transmitido pelo Aedes.

Em primeira análise,  os métodos utilizados pelos governo e órgãos, como Larvicidas e o combate aos locais apropriados de procriação do mosquito são eficazes. Porém os agentes de epidemia não tem acesso a todos os recintos familiares, por motivo, como os proprietários não permiti o acesso dos mesmos, para aplicação do veneno e verificação ou prevenção de locais apropriado para desenvolvimento da larva do mosquito.

Em segunda análise, as informações propostas de combate ao mosquito pelo governo, através de mídias como TVs, rádio, internet, jornais etc., não estão gerando efeito na população, já que o índice de infecções de Dengue , chikungunya e Zika só tem aumentado. Logo o governo tem que investir mais em meios de conseguir educar a população no combate a Dengue .

Por fim, os órgãos competentes deve investirem em novos meios de combates e prevenção ao Aedes Aegypti , como o mosquito transgênico, o qual contém uma bactéria que faz as larvas morrerem ao nascer, este está sendo muito eficaz . Portanto, o governo necessitária menos dos cidadãos, já que o trabalho de combate será feito pelos próprios mosquitos geneticamente modificados junto com os agentes que iram liberá-los nas zonas urbanas com maior índice de casos de tal assunto tratado.

Conclui-se que as larvicidas e prevenções de locais apropriados serem eficazes na guerra contra o mosquito, tem que se investir em outros meios, por causa, das dificuldades encontradas para acessar os recintos familiares. Logo os mosquitos transgênicos é a melhor aposta do governo com os resultados obtidos."
redacoes_uol,2016,"Política X Ciência: a ""pílula do câncer""",850,"A autorização do uso da fosfoetanolamina no Brasil garante que um medicamento com potencial para curar o câncer continue sendo desenvolvido, mas além disso, garante que o desenvolvimento ocorra em laboratório nacional. A liberação não está livre de polêmicas, já que a ""comunidade científica"" é contra a lei aprovada.

No entanto, é importante esclarecer que esta comunidade não se trata de um grupo de pessoas com opiniões homogêneas, nem tampouco conhecedora da verdade ou imparciais. Ademais, o que se chama de comunidade científica não é nem mesmo o grupo de todos os cientistas do mundo, com igual capacidade de deliberação. Antes disso, são algumas instituições representativas, lideradas por alguns laboratórios que concentram a maior parte dos investimentos feitos pela indústria farmacêutica e que têm interesse direto em garantir patentes e exclusividade de comercialização de medicamentos em todo o mundo.

Estes laboratórios demonstraram nas últimas décadas uma grande disposição para desenvolver produtos lucrativos como remédios para a população idosa de países desenvolvidos. A atitude seria louvável, não fosse pelo simultâneo desleixo dado às pesquisas de doenças que assolam países subdesenvolvidos, como a malária e a febre amarela, que juntas matam mais que a AIDS e ainda não têm cura.

Ao sancionar o uso da fosfoetanolamina , a classe política brasileira criou condições para que o desenvolvimento do medicamento continue em seu laboratório de origem, em São Paulo. No futuro, isto pode significar uma patente brasileira e evitar que as receitas obtidas com a comercialização sejam enviadas para o exterior por corporações multinacionais.

Portanto, observa-se que a decisão da ""comunidade científica"" também é uma decisão política, pois historicamente privilegiou os interesses de poucos. Além disso, a decisão do congresso brasileiro representa um estímulo para a ciência nacional."
redamil_LucasFelpi,2018,Manipulação do comportamento do usuário pelo controle de dados na internet,1000,"Segundo Steve Jobs, um dos fundadores da empresa “Apple”, a tecnologia move o mundo. Contudo, os avanços tecnológicos não trouxeram apenas avanços à sociedade, uma vez que bilhões de pessoas sofrem a manipulação oriunda do acesso aos seus dados no uso da internet. Nesse sentido, esse processo é executado por empresas que buscam potencializar a notoriedade dos seus produtos e conteúdos no meio virtual. Sob tal ótica, esse cenário desrespeita princípios importantes da vida social, a saber, a liberdade e a privacidade. De acordo com Jean Paul Sartre, o homem é condenado a ser livre. Nessa lógica, o uso de informações do acesso pessoal para influenciar o usuário confronta o pensamento de Sartre, visto que o indivíduo tem sua liberdade de escolha impedida pela imposição de conteúdos a serem acessados. Dessa forma, a internet passa a ser um ambiente pouco democrático e torna-se um reflexo da sociedade contemporânea, na qual as relações de lucro e interesse predominam. Faz-se imprescindível, portanto, a dissolução dessa conjuntura. Outrossim, é válido ressaltar que, conforme Immanuel Kant, o princípio da ética é agir de forma que essa ação possa ser uma prática universal. De maneira análoga, a violação da privacidade pelo acesso aos dados virtuais sem a permissão das pessoas vai de encontro à ética kantiana, dado que se todos os cidadãos desrespeitassem a privacidade alheia, a sociedade entraria em profundo desequilíbrio. Com base nisso, o uso de informações virtuais é prejudicial à ordem social e, por conseguinte, torna-se contestável quando executado sem consentimento. Em suma, são necessárias medidas que atenuem a manipulação do comportamento do usuário pelo controle de dados na internet. Logo, a fim de dar liberdade de escolha ao indivíduo, cabe às empresas de tecnologia solicitar a autorização para o uso dessas informações, por meio de advertências com linguagem clara, tendo em vista a linguagem técnica utilizada, atualmente, por avisos do tipo. Ademais, compete ao cidadão ficar atento a essa questão, de modo a cobrar e pressionar essas empresas. Enfim, a partir dessas ações, as tecnologias, como disse Steve Jobs, moverão o mundo para frente."
redamil_LucasFelpi,2018,Manipulação do comportamento do usuário pelo controle de dados na internet,1000,"""Black Mirror” é uma série americana que retrata a influência da tecnologia no cotidiano de uma sociedade futura. Em um de seus episódios, é apresentado um dispositivo que atua como uma babá eletrônica mais desenvolvida, capaz de selecionar as imagens e os sons que os indivíduos poderiam vivenciar. Não distante da ficção, nos dias atuais, existem algoritmos especializados em filtrar informações de acordo com a atividade “online” do cidadão. Por isso, torna-se necessário o debate acerca da manipulação do comportamento do usuário pelo controle de dados na internet. Primeiramente, é notável que o acesso a esse meio de comunicação ocorre de maneira, cada vez mais, precoce. Segundo pesquisa divulgada pelo IBGE, no ano de 2016, apenas 35% dos entrevistados, que apresentavam idade igual ou superior a 10 anos, nunca haviam utilizado a internet. Isso acontece porque, desde cedo, a criança tem contato com aparelhos tecnológicos que necessitam da disponibilidade de uma rede de navegação, que memoriza cada passo que esse jovem indivíduo dá para traçar um perfil de interesse dele e, assim, fornecer assuntos e produtos que tendem a agradar ao usuário. Dessa forma, o uso da internet torna-se uma imposição viciosa para relações sócio-econômicas. Em segundo lugar, o ser humano perde a sua capacidade de escolha. Conforme o conceito de “Mortificação do Eu”, do sociólogo Erving Goffman, é possível entender o que ocorre na internet que induz o indivíduo a ter um comportamento alienado. Tal preceito afirma que, por influência de fatores coercitivos, o cidadão perde seu pensamento individual e junta-se a uma massa coletiva. Dentro do contexto da internet, o usuário, sem perceber, é induzido a entrar em determinados sites devido a um “bombardeio” de propagandas que aparece em seu dispositivo conectado. Evidencia-se, portanto, uma falsa liberdade de escolha quanto ao que fazer no mundo virtual. Com o intuito de amenizar essa problemática, o Congresso Nacional deve formular leis que limitem esse assédio comercial realizado por empresas privadas, por meio de direitos e punições aos que descumprirem, a fim de acabar com essa imposição midiática. As escolas, em parceria com as famílias, devem inserir a discussão sobre esse tema tanto no ambiente doméstico quanto no estudantil, por intermédio de palestras, com a participação de psicólogos e especialistas, que debatam acerca de como agir “online”, com o objetivo de desenvolver, desde a infância, a capacidade de utilizar a tecnologia a seu favor. Feito isso, o conflito vivenciado na série não se tornará realidade."
redamil_LucasFelpi,2018,Manipulação do comportamento do usuário pelo controle de dados na internet,1000,"Por consequência da Revolução Científica, o acesso à tecnologia favorece contato com uma farta veiculação de informações, as quais são constantemente manipuladas. Nesse sentido, o controle de dados presente da internet reverbera uma arquitetura de comportamento da sociedade, sendo imperiosa a ampliação de medidas a fim de minimizar os impactos ocasionados por esse cenário. Ademais, é fulcral ressaltar a ausência de pensamento crítico como causa, bem como os prejuízos sociais fomentados em decorrência disso. Em primeiro plano, urge analisar a falta de criticismo dos usuários mediante a internet. Nesse contexto, a falta de percepção crítica acerca das informações adquiridas nas redes por parte dos indivíduos implica uma falsa ideia de liberdade de escolha, já que os meios de comunicação definem a noção de mundo do seus usuários. Com efeito, tal conjuntura é análoga a “menoridade intelectual”, proposta por Kant, a qual caracteriza a falta de autonomia dos indivíduos sobre seus intelectos, uma vez que a sociedade torna-se refém da manipulação de dados da internet e, consequentemente, tem seu comportamento moldado. Outrossim, questões sociais estão intimamente ligadas ao controle de informações na internet. Nesse âmbito, a cegueira moral, fenômeno exposto por José Saramago em sua obra ”Ensaio sobre Cegueira“, caracteriza a alienação da sociedade frente às demais realidades sociais, a qual é fomentada pela restrição do pleno acesso à informação pelos meios de comunicação. Dessa feita, as redes sociais propiciou a formação de “bolhas sociais“, de modo a manipular o comportamento do indivíduo, além de restringir sua ideia acerca da conjuntura vivida. Em síntese, medidas devem ser efetivadas a fim de mitigar os impactos causados pelo controle de dados na internet. Desse modo, as escolas devem promover a educação em informática, por meio de aulas sobre uso consciente da tecnologia e da informação — as quais utilizam computadores e celulares — com vistas a induzir o pensamento crítico desde a infância. Além disso, cabe à sociedade efetivar o uso consciente da internet, por intermédio do policiamento acerca da obtenção de informações, as quais devem ser originadas de fontes confiáveis — com o intuito de assegurar uma mudança de pensamento social. Dessa forma, garantir-se-á o combate à manipulação do comportamento do usuário pelo controle de dados na internet"
redamil_LucasFelpi,2018,Manipulação do comportamento do usuário pelo controle de dados na internet,1000,"Para o sociólogo Manuel Castells, o advento da “Era da Informação” significou uma mudança nas relações de poder. Enquanto, na “Era Industrial”, o cenário era regulado pela posse dos meios de produção, na nova fase, o domínio político, econômico e social tornou-se vinculado ao controle da produção, do processamento e do compartilhamento de dados. Tal transformação favoreceu que o meio virtual, por meio de algoritmos, adquirisse a capacidade de manipular o comportamento de internautas de acordo com suas preferências, prática a qual, uma vez sustentada pela ausência de autonomia dos indivíduos na “internet”, constitui o alicerce para o surgimento das “bolhas virtuais”. Em primeira análise, o controle da atividade dos usuários da rede é possibilitado pela navegação sem autonomia no espaço digital, visto que esta facilita o direcionamento do internauta a páginas ou grupos específicos. Quanto a isso, o filósofo italiano Umberto Eco afirma que a “internet” originou uma “legião de imbecis”, sendo o ambiente virtual desprovido de hierarquia. Assim, a qualidade dos “sites” acessados e a escolha dos itens pesquisados são determinadas pelo próprio sujeito, o qual depende de sua responsabilidade para não ser manipulado. Nesse sentido, a escola emerge como um decisivo agente de socialização, já que, ao formar cidadãos mais autônomos, contribui para diminuir a influência de mecanismos de filtragem nos indivíduos. Além disso, a seleção do conteúdo exibido aos usuários com base no seu histórico leva à formação das “bolhas virtuais”, considerando que eles são direcionados, sobretudo nas redes sociais, para páginas nas quais é compartilhado um mesmo interesse. Segundo o médico e criador da psicanálise Freud, um indivíduo, ao ser inserido em um grupo específico, tende a suprimir suas peculiaridades para assumir as características predominantes no ambiente em que se encontra. No caso da “internet”, esse fenômeno, além de ocorrer, é agravado, uma vez que a própria escolha de integrantes de um espaço é feita a partir de opiniões convergentes. Portanto, a manipulação de pessoas no meio digital, favorecida pela falta de autonomia nesse contexto, leva à formação de grupos os quais só compartilham um único interesse. Logo, cabe às escolas, instituições que desenvolvem sujeitos autônomos, a tarefa de alertar acerca da necessidade de navegar com responsabilidade pela internet, por meio de palestras e discussões sobre o assunto, envolvendo as disciplinas de Filosofia e Sociologia, a fim de formar cidadãos que não sejam controlados pelas ferramentas virtuais. Ademais, as redes sociais, principal espaço causador das “bolhas” de pensamentos e gostos, deve facilitar a interação de ideias divergentes, mediante a criação de páginas voltadas para a troca de opiniões. Só assim, o controle de indivíduos na “Era da Informação” será solucionado."
redamil_LucasFelpi,2018,Manipulação do comportamento do usuário pelo controle de dados na internet,1000,"O Marco Civil da Internet, criado em 2014, assegura o uso livre e democrático nas redes comunicativas. Porém, na realidade contemporânea, é evidente que o monitoramento das atividades dos usuários online por parte de empresas implica a perda da privacidade dos indivíduos que utilizam a internet. Com isso, a influência dos interesses empresariais, bem como o descaso governamental frente a tal problemática corroboram para a manutenção da mesma. Em primeiro plano, vale destacar que, com o avanço no compartilhamento de informações, o controle de dados se tornou essencial para a divulgação de propagandas direcionadas às preferências dos usuários das redes de comunicação. Nesse sentido, a manipulação dos anúncios se assemelha ao processo de dominação descrito pelo sociólogo Foucault ao analisar o modelo panóptico, pois o monitoramento das ações dos indivíduos é de suma importância para a manutenção do poder de forma discreta. Nisso, observa-se como o controle do comportamento dos indivíduos restringe a privacidade deles. Paralelamente a essa dimensão empresarial, o descaso do Estado, principalmente na esfera legislativa, contribui para a permanência do uso não autorizado de informações pessoais para fins comerciais. Conforme o sociólogo alemão Dahrendorf, no livro ""A lei e a ordem"", a anomia é a condição social em que as normas reguladoras dos comportamentos das pessoas perdem sua validade. De forma análoga a esse pensamento, nota-se que as leis que regulamentam os atos na internet encontram-se em um estado de anomia, pelo fato de serem infringidas, por vezes, sem qualquer punição ao infrator. Portanto, é notório que a manipulação dos dados de pesquisa dos utentes se configura como um problema relativo à fragilidade das leis na rede. Logo, o Congresso Nacional deveria elaborar uma legislação que reforçasse os direitos e deveres dos usuários no ambiente virtual, por meio de reuniões com especialistas em segurança digital, com o fito de amenizar os crimes de roubos de dados por empresas. Assim, o Governo reverteria o estado de anomia na internet."
redamil_LucasFelpi,2019,Democratização do acesso ao cinema no Brasil,1000,"Ao longo do processo de formação da sociedade, o pensamento cinematográfico consolidou-se em diversas comunidades. No início do século XX, com os regimes totalitários, por exemplo, o cinema era utilizado como meio de dominação à adesão das massas ao governo. Embora o cinema tenha se popularizado, posteriormente, como entretenimento, nota-se, na contemporaneidade, a sua limitação social, em virtude do discurso elitizado que o compõe e da falta de acesso por parte da população. Essa visão negativa pode ser significativamente minimizada, desde que acompanhada da desconstrução coletiva, junto à redução do custo do ingresso para a maior acessibilidade. Em primeira análise, é evidente que a herança ideológica da produção cinematográfica, como um recurso destinado às elites, conservou-se na coletividade e perpetuou a exclusão de classes inferiores. Nessa perspectiva, segundo Michel Foucault, filósofo francês, o poder articula-se em uma linguagem que cria mecanismos de controle e coerção, os quais aumentam a subordinação. Sob essa ótica, constata-se que o discurso hegemônico introduzido, na modernidade, moldou o comportamento do cidadão a acreditar que o cinema deve se restringir a determinada parcela da sociedade, o que enfraquece o princípio de que todos indivíduos têm o direito ao lazer e ao entretenimento. Desse modo, com a concepção instituída da produção cinematográfica como diversão das camadas altas, o cinema adquire o caráter elitista, o qual contribui com a exclusão do restante da população. Além disso, uma comunidade que restringe o acesso ao cinema, por meio do custo de ingressos, representa um retrocesso para a coletividade que preza por igualdade. Nesse sentido, na teoria da percepção do estado da sociedade, de Émile Durkheim, sociólogo francês, abrangem-se duas divisões: ""normal e patológico"". Seguindo essa linha de pensamento, observa-se que um ambiente patológico, em crise, rompe com o seu desenvolvimento, visto que um sistema desigual não favorece o progresso coletivo. Dessa forma, com a disponibilidade de ir ao cinema mediada pelo preço — que não leva em consideração a renda regional —, a democratização torna-se inviável. Depreende-se, portanto, a relevância da igualdade do acesso ao cinema no Brasil. Para que isso ocorra, é necessário que o Estado proporcione a redução coerente do custo de ingressos por região, junto à difusão da importância da produção cinematográfica no cotidiano, nos meios de comunicação, por meio de anúncios, a fim de colaborar com o acesso igualitário. Ademais, a instituição educacional deve proporcionar aos indivíduos uma educação voltada à democratização coletiva do cinema, como entretenimento destinado às elites, por intermédio de debates e palestras, na área das Ciências Humanas, como forma de esclarecimento populacional. Assim, haverá um ambiente estável que colabore com a acessibilidade geral ao cinema no país."
redamil_LucasFelpi,2019,Democratização do acesso ao cinema no Brasil,1000,"A construção dos feudos, muros que delimitavam uma determinada área no período da Idade Média, segregou milhares de pessoas e impossibilitou o acesso a bens que somente a nobreza podia usufruir. Semelhante a essa época, no contexto brasileiro contemporâneo, o cinema é um dos inúmeros meios de democratizar a cultura, mas ainda é ""feudalizado"", já que grande parte da população continua alheia a esse serviço . Então, tanto a concentração das salas de teledramaturgia em regiões mais desenvolvidas economicamente, quanto os exorbitantes preços dos ingressos e alimentos, vendidos com exclusividade pela empresa proprietária, mutilam a cidadania e consagram importantes simbologias de poder. Nessa perspectiva, a cultura é imprescindível para a identidade de um povo e, indubitavelmente, o cinema é uma fundamental ferramenta de inclusão e de propagação de valores sociais. Entretanto, de acordo com o geógrafo Milton Santos, no texto ""Cidadanias Mutiladas"", a democracia, extremamente necessária para a fundamentação cultural do indivíduo, só é efetiva quando atinge a totalidade do corpo social, ou seja, na medida em que os direitos são universais e desfrutados por todos os cidadãos. Dessa maneira, a concentração das salas de cinemas em áreas com alto desenvolvimento econômico e o alheamento de milhares de pessoas a esse serviço provam que não há democratização do acesso à cultura cinematográfica no Brasil, marginalizando grande parcela da sociedade desprovida de recursos financeiros. Outrossim, os preços abusivos de ingressos, a divisão das salas em categorias de conforto e a proibição de entrada de bebidas e alimentos, que não sejam vendidos no estabelecimento, dividem, ainda mais, a sociedade. Isso pode ser explicado pelo teórico Pierre Bourdieu, o qual afirma que todas as minúcias de um indivíduo constituem simbologias que são constantemente analisadas pelo corpo social, isto é, o poder de compra, as características pessoais e o acesso a bens e serviços refletem quem é o homem para outrem. Dessa forma, o alto custo praticado pelas redes cinematográficas violenta simbolicamente aqueles que não conseguem contemplar as grandes telas e aumenta a desigualdade. Portanto, cabe à iniciativa privada, em parceria com os estados e municípios, promover a interiorização das salas de teledramaturgia, por meio da construção de novos empreendimentos em áreas distantes dos polos econômicos e da redução dos custos para o consumidor de baixa renda, incentivando, então, a cultura mais democrática. Além disso, é responsabilidade da Ancine, Agência Nacional de Cinema, estabelecer um canal de comunicação mais efetivo com o telespectador, por intermédio de aplicativos e das redes sociais interativas, para que denúncias e reclamações sobre preços abusivos possam ser realizadas. Como efeito social, a democratização do cinema no Brasil será uma realidade, destruindo, assim, barreiras e ""feudos"" sociais."
redamil_LucasFelpi,2019,Democratização do acesso ao cinema no Brasil,1000,"A primeira exibição pública do cinema ocorreu no ano de 1895 na França e, aos poucos, difundiu-se para todas as nações, sendo ainda uma grande fonte de entretenimento, inclusive no Brasil. Além disso, é notória sua função social ao proporcionar aos espectadores tanto uma atividade de lazer quanto uma propagação de informações e de conhecimentos, como os documentários e os filmes contendo alusões históricas. Nesse viés, a Constituição brasileira de 1988 determina o direito ao entretenimento a todos os cidadãos, assegurando o princípio da isonomia. Entretanto, o acesso aos cinemas no país vem deixando, grandemente, de ser democrático, sobretudo devido à segregação espacial e aos elevados custos, ferindo o decreto, o que demanda ação pontual. Decerto, o processo de urbanização brasileiro ocorreu de forma acelerada e desorganizada, provocando o surgimento de aglomerados no entorno dos centros urbanos. Diante dessa conjuntura, essas periferias sofrem, de modo geral, históricas negligências governamentais, como a escassez de infraestrutura básica, de escolas e de hospitais. Não obstante, tais regiões também carecem de espaços de lazer, como os cinemas, que, majoritariamente, concentram-se nas áreas centrais e de alta renda das cidades. Assim, corrobora-se a teoria descrita pelo filósofo francês Pierre Lévy de que “toda nova tecnologia gera seus excluídos”. Portanto, o cinema, sendo uma inovação técnica, promove a segregação dos indivíduos marginalizados geograficamente. Ademais, a maioria dos cinemas pelo Brasil cobram altos valores pelos ingressos das sessões, o que se torna inviável para grande parte da população, haja vista a situação econômica de crise que o país enfrenta, em que muitos indivíduos se encontram desempregados ou possuem baixa renda familiar. Desse modo, descumpre-se a determinação da Constituição Cidadã de igualdade de acesso ao lazer pela população, especialmente um entretenimento tão difundido entre a sociedade e de grandes benefícios pessoais, como a aquisição de informações e a ampliação da criticidade. Por fim, ratifica-se a tese desenvolvida pelo jornalista brasileiro Gilberto Dimenstein acerca da Cidadania de Papel, isto é, embora o país apresente um conjunto de leis bastante consistente, elas se atêm, de forma geral, ao plano teórico. Logo, a garantia de igualdade de acesso ao cinema pelos cidadãos não é satisfatoriamente aplicada na prática, impulsionando a segregação social. Observa-se, então, a necessidade de democratização dos cinemas no Brasil. Para tanto, é preciso que a Ancine – Agência Nacional de Cinema – amplie o acesso da população aos cinemas. Isso ocorrerá por meio do incentivo fiscal às empresas do ramo, orientando a construção de mais cinemas nas regiões periféricas, a redução dos preços dos ingressos e a concessão de gratuidade de entrada para a parcela da sociedade pertencente às classes menos favorecidas, como indivíduos detentores de renda familiar inferior a um salário mínimo. Dessa forma, mais brasileiros terão a possibilidade de acesso aos cinemas e, finalmente, a isonomia será garantida nesse contexto, reduzindo a desigualdade entre a população."
redamil_LucasFelpi,2019,Democratização do acesso ao cinema no Brasil,1000,"Os filmes, além de proverem entretenimento, têm uma função social muito importante: a de denúncia. O movimento do Cinema Marginal, por exemplo, ocorrido na segunda metade do século XX, tornou-se único por retratar as mais diversas desigualdades de nosso país. Por conta desse caráter tão plural, democratizar o acesso à Sétima Arte no Brasil se faz extremamente necessário. Contudo, quanto a isso, existem vários desafios, sendo os principais: a desuniforme distribuição do parque exibidor e o alto preço cobrado pelos ingressos. De início, sabe-se que, quando surgiram em terras tupiniquins, os cinemas eram de rua, com um único ambiente com capacidade para mais de 500 pessoas. Entretanto, a crescente onda de violência nas cidades — muito bem retratada pelo longa-metragem brasileiro “Tropa de Elite” — fez com que tal cenário mudasse completamente. No panorama atual, a maior parte dos centros de exibição antigos foram demolidos, sendo substituídos por novos complexos multissala. Esses últimos, por sua vez, afastaram-se das periferias e abrigaram-se nos shoppings centers, capazes de fornecer um pouco mais de segurança. Tal realidade prova, tristemente, que a criminalidade nas metrópoles contribuiu para a centralização do parque exibidor em áreas ricas, dificultando o acesso pelos mais pobres — um verdadeiro empecilho. Outrossim, esse mercado — monopolizado por grandes corporações — tornou-se bastante caro. Os altos preços cobrados por um ingresso não são uma realidade muito viável: para diversos brasileiros com dificuldades financeiras, o lazer dificilmente é tratado como prioridade. O país, inclusive, conta com mais de 10 milhões de desempregados — a maior taxa dos últimos anos —, segundo o IBGE. Engana-se, porém, que pensa que, no nosso circuito filmográfico, não há demanda: basta ver o notável número de espectadores nas segundas e quartas-feiras, dias de promoção. Essa delicada situação mostra que, infelizmente, os valores abusivos espantam os consumidores e constituem outro importante desafio. Sabendo disso, portanto, as Secretarias de Segurança Pública necessitam, através de ações com a Polícia Civil, criar um eficiente programa de combate à violência urbana contendo canais de denúncia e agentes especializados, a fim de, novamente, tornar as ruas amigáveis à instalação de complexos de exibição. O Ministério da Economia deve, por fim, estimular pequenos empreendedores desse mercado, por meio de empréstimos e de incentivos fiscais, visando ampliar o parque exibidor, promover a concorrência e, assim, abaixar os preços dos ingressos. Dessa forma, busca-se democratizar o acesso ao cinema e superar as desigualdades retratadas no movimento marginal."
redamil_LucasFelpi,2019,Democratização do acesso ao cinema no Brasil,1000,"Em sua obra ""Cidadãos de Papel"", o célebre escritor Gilberto Dimenstein disserta acerca da inefetividade dos direitos constitucionais, sobretudo, no que se refere à desigualdade de acesso aos benefícios normativos. Diante disso, a conjuntura dessa análise configura-se no Brasil atual, haja vista que o acesso ao cinema, no país, ainda não é democrático. Esta realidade se deve, essencialmente, à falta de subsídios para a infraestrutura nas regiões periféricas e à urbanização desordenada das urbes. Sob esse viés, é importante ressaltar que a logística de instalação de salas de cinema, nas cidades pequenas, é precária. Nesse sentido, segundo o Contrato Social ― proposto pelo contratualista John Locke ―, cabe ao Estado fornecer medidas que garantam o bem-estar coletivo. Contudo, a infraestrutura das cidades pequenas e médias é, muitas vezes, pouco dotada de incentivos para a construção de salas de exibição de filmes, como centros de lazer ― dotados de praça de alimentação, por exemplo. Com isso, uma parcela expressiva da população é excluída dessa atividade cultural, o que, além de evidenciar o contexto discutido por Gilberto Dimenstein, vai de encontro ao Contrato Social. Desse modo, políticas públicas eficazes tornariam possível a maior acesso ao direito de cultura, garantido pela Magna Carta de 1988, por meio do cinema. Além disso, o crescimento urbano desordenado gerou a concentração de cinemas em determinadas áreas da cidade, o que excluiu, principalmente, os locais pouco evidenciados pelo mercado imobiliário. Nessa linha de raciocínio, o geográfico Milton Santos atribuiu ao inchaço urbano desenfreado o surgimento de processos como a Gentrificação, a qual ""expulsa"" a parcela de indivíduos de baixa renda da sua moradia. Devido a isso, a distribuição de salas de cinema ocorreu de maneira desigual, privilegiando áreas nobres. Por conseguinte, as favelas ― localidades em aparatos sociais ― possuem pouco ou nenhum acesso à arte cinematográfica, o que evidencia um exército de ""cidadãos de papel"". Assim, o cinema pode ampliar o seu alcance mediante a ação de setores sociais que forneça infraestrutura de filmes. Portanto, para a efetiva democratização do acesso ao cinema no Brasil, é importante que o Governo Federal, por intermédio de subsídios tributários estaduais, forneça a descentralização das salas cinematográficas do território, a partir da instalação de unidades de cinema nas regiões que não possuem ― com aparato qualificado, variedade de exibições e praça de alimentação ―, a fim de proporcionar a cultura do cinema para a parcela de cidadãos excluída. Ao mesmo tempo que isso, cabe ao Ministério da Cultura ― principal órgão intermediador de políticas culturais no país ― propor um vale cinema para aqueles que não possuem renda suficiente para a compra, com direito a pelo menos duas oportunidades mensais, para que o direito aos filmes não seja restrito por critérios censitários. Dessa forma, poder-se-á atenuar a desigualdade discutida por Dimenstein."
redamil_LucasFelpi,2019,Democratização do acesso ao cinema no Brasil,1000,"No longa-metragem ganhador do Oscar “A invenção de Hugo Cabret”, narra-se o cotidiano de um jovem garoto órfão que, apesar de viver - sob precárias condições - em uma estação de trem parisiense, frequenta, clandestinamente, uma sala de cinema próxima ao seu lar como uma forma de afastar-se de sua infeliz realidade. Tal obra fictícia, além de expor um dos benefícios da ida a esse tipo de estabelecimento, também denuncia a desigualdade do acesso à arte cinematográfica, semelhantemente ao que ocorre no Brasil contemporâneo. Nesse âmbito, faz-se necessário analisar dois entraves acerca do óbice social apresentado: os elevados custos para a entrada em cinemas - incompatíveis com a condição financeira de camadas populares - e a falta de mobilização cidadã em prol da equidade dos direitos relacionados a essa situação. Primordialmente, é válido pontuar a política de preços altos como um obstáculo à democratização da Sétima Arte no território nacional. Isso ocorre devido ao ineficiente quantitativo de medidas governamentais para modificar as tabelas de custos estabelecidas por empresas privadas (responsáveis pela distribuição de obras cinematográficas), promovendo um impedimento a comunidades de baixa renda no que tange ao acesso aos locais em pauta. Entretanto, atualmente, observa-se uma gradativa mudança na postura estatal em relação a esse cenário, a exemplo da criação do cinema Líbero Luxardo na cidade de Belém, desenvolvido pelo governo do estado do Pará para oferecer entretenimento (tanto nacional, quanto estrangeiro) de qualidade por preços econômicos. Apesar desse notório progresso, ainda é imperiosa a problemática supracitada, uma vez que projetos (como o exposto) são minoritários comparadas a outras regiões do país. Ademais, deve-se explicitar que considerável parcela da sociedade não busca reverter a situação da desigualdade do acesso ao cinema no Brasil. Tal estorvo advém de uma despreocupação dos cidadãos em exigir reformulações nos setores públicos (como o Ministério da Cidadania) encarregados de garantir a possibilidade de apreciação das múltiplas formas de arte por todos, o que define esse comportamento negligente como um “eclipse de consciência”, termo - conforme o literato português José Saramago, no romance “Ensaio sobre a cegueira” - utilizado para sintetizar a ideia da falta de sensibilidade do indivíduo perante os imbróglios enfrentados pelo próximo, nesse caso, o contingente populacional desprovido da oportunidade de desfrute às produções cinematográficas. Por conseguinte, sob efeito desse fenômeno, considerável parte dos brasileiros fomenta a invisibilização do empecilho social em evidência, afastando as pessoas necessitadas das salas de projeção. Portanto, cabe ao Poder Executivo - instituição de alta relevância para o país - potencializar projetos sociais para a construção de locais de exibição de filmes nacionais e internacionais no território, por meio da cessão de capital público aos órgãos competentes, a fim de efetivar a democratização da apreciação do cinema aos cidadãos. Paralelo a isso, o Ministério da Educação deve mudar o comportamento passivo da comunidade acerca do combate ao óbice em questão, por intermédio de palestras em escolas e em universidades, visando reverter o preocupante cenário reiterado e, assim, desvencilhar parte da sociedade do “eclipse de consciência” que a acomete"
redamil_LucasFelpi,2019,Democratização do acesso ao cinema no Brasil,1000,"A questão do acesso ao cinema, apesar de não ser amplamente discutida, é um problema muito expressivo no Brasil atualmente. A gravidade do quadro é evidenciada pelos dados do site Meio e Mensagem: 83% da população brasileira não frequentam tal ambiente. Nesse contexto, percebe-se que o acesso ao cinema não é democratizado e convém analisar as causas e impactos negativos dessa situação na sociedade. Em primeiro lugar, é preciso compreender as causas dessa problemática. Em um mundo marcado pelo capitalismo, é comum que, cada vez mais, seja fortalecido o sistema de mercantilização do lazer, ou seja, este passa a ser vendido por empresas em forma de mercadoria. Nesse sentido, nota-se que, muitas vezes, parcelas da população com condições financeiras mais baixas acabam não conseguindo ter acesso às atividades de lazer, como o cinema, devido aos preços, geralmente, inacessíveis. Além disso, outro fator que contribui para a falta do amplo acesso da população ao cinema é a localização no interior dos shoppings, os quais, normalmente, estão situados nos centros das grandes cidades, o que acaba dificultando o acesso de moradores de bairros mais afastados. Dessa forma, o cinema no Brasil torna-se um ambiente elitizado. Em segundo lugar, é importante salientar os impactos negativos desse quadro na sociedade. Tendo em vista que a parcela mais pobre da população, geralmente, não consegue arcar com os custos de frequentar o cinema e sabendo que o acesso ao lazer é um direito garantido pela Constituição Federal, percebe-se a ocorrência da ""cidadania de papel"", termo cunhado pelo escritor paulista Gilberto Dimenstein, que diz respeito à existência de direitos na teoria (Constituição), os quais não ocorrem, de fato, na prática. Sob essa perspectiva, nota-se que a falta de democratização do acesso ao cinema gera exclusão social das camadas menos favorecidas e impede que elas possam usufruir de seus direitos. Portanto, é mister que o Ministério da Infraestrutura, em parceria com o Ministério da Cultura, construa cinemas públicos, por meio da utilização de verbas governamentais, a fim de atender a população que não pode pagar por esse serviço, fazendo com que, assim, o acesso ao cinema seja democratizado e essa parcela da sociedade deixe de usufruir apenas de uma ""cidadania de papel""."
redamil_LucasFelpi,2019,Democratização do acesso ao cinema no Brasil,1000,"Karl Marx, pensador alemão, acredita que os indivíduos devem ser analisados de acordo com o contexto de suas situações sociais, já que produzem suas existências em grupo. Nessa lógica, torna-se pontual compreender a questão do acesso ao cinema no Brasil e os meios para haver a democratização na sociedade. A partir disso, faz-se relevante entender que os ínfimos investimentos dos institutos de ensino em estimular a valorização do cinema e da cultura e a persistência da vulnerabilidade social requerem um quadro a ser revertido. Em primeira análise, observa-se que Edgar Morin, sociólogo francês, afirma, com conceito de ""pensamento sistêmico"", que é preciso ir além de um pensamento linear, sendo necessário se preocupar com as relações de causa e efeito. Essa questão é pertinente, uma vez que muitas escolas têm o foco direcionado aos vestibulares e ao mercado de trabalho e negligenciam as abordagens sociais como o debate sobre o cinema e sobre os valores transmitidos por esse meio intelectual. Isso se torna preocupante, visto que sem a formação de estudantes como cidadãos que apreciam a arte audiovisual, há a permanência de sentimentos de descaso à cultura. É indiscutível, então, que haja maior atenção dos institutos de ensino em abranger os assuntos sociais, para que as relações de causa e efeito sejam priorizadas com a construção de alunos envolvidos nas questões culturais e, assim, possa existir maior valorização e ingresso dos cinemas no país. Ademais, outra razão fundamental para a consolidação desse pensamento é o fato de que John Locke, filósofo inglês, pontua que o Estado deve garantir os direitos dos cidadãos como a manutenção do acesso às áreas culturais e de lazer. Nesse caso, o equívoco eclode no erro de se acreditar que esses direitos são assegurados com efetividade em todas as classes sociais. Sabe-se que tal relato não pode ser afirmado, pois é notório que o que prevaleceu no Brasil é a desigualdade social, a qual prova que as pessoas de regiões minoritárias são mais vulneráveis ao meio e não têm acesso aos centros culturais como cinema devido à falta de políticas públicas voltadas a essa questão. Diante desse quadro, não se pode adiar a preocupação dos órgãos governamentais em promover áreas cinematográficas nas regiões pobres, para que se crie uma relação de pertencimento com a garantia dos direitos e, desse modo, exista a democratização dessa arte no país. O posicionamento assumido demanda, portanto, duas Medidas pontuais. A princípio, os institutos escolares, responsáveis pela construção pessoal e social, devem estabelecer como meta a flexibilização das metodologias aplicadas à educação, por meio de aulas dinâmicas e transdisciplinares que abordem as questões sociais como a valorização do cinema, para que os estudantes se interessem pela cultura audiovisual e, assim, exista maior acesso nesse ramo. A outra ação precisa ser fomentada pelo Ministério da Cidadania, juntamente às ONGs, no sentido de intensificar os centros artísticos nas classes mais carentes, por intermédio da implementação de cinemas abertos à população, a fim de que haja acesso das práticas cinematográficas com equidade. Com esses direcionamentos, os indivíduos, como advoga Marx, irão coexistir de forma mais integral na sociedade com a democratização da cultura audiovisual."
redamil_LucasFelpi,2019,Democratização do acesso ao cinema no Brasil,1000,"No Brasil, apesar de a Constituição Federal de 1988, em seu artigo 215, garantir acesso à cultura a todos os brasileiros, nota-se que muitos cidadãos não usufruem dessa prerrogativa, tendo em vista que uma grande parcela social não tem acesso ao cinema. Dessa forma, esse cenário comprometedor exige ações mais eficazes do poder público e das instituições de ensino, a fim de assegurar a igualdade de acesso ao universo cinematográfico. Efetivamente, é notório o desacordo que existe entre o que é assegurado pela Constituição e a realidade do país, uma vez que muitos municípios não possuem cinemas ou espaços destinados à exposição de filmes, séries e documentários. Esse nefasto paradigma atesta, sobretudo, uma grande desigualdade no acesso à cultura do país, tendo em vista que em grandes cidades, como o Rio de Janeiro, o cinema é mais valorizado. Além disso, vale ressaltar que tal desigualdade fere a Declaração Universal dos Direitos Humanos de 1948, a qual assegura a produção cultural e lazer como um direito de todos. Logo, é fundamental que o poder público desenvolva medidas, como a construção de mais espaços destinados aos espectadores, com o intuito de que os anseios do artigo 215 tenham realmente vigor. Ademais, outro fator preponderante é que, apesar da modernização do universo cinematográfico, o qual, atualmente, possui filmes em “3D” e salas de cinema bastante equipadas, muitos brasileiros não conseguem arcar, por exemplo, com o custo do ingresso ou, até mesmo, o espaço destinado à exibição de filmes, como shopping center, é distante do local onde essas pessoas residem, inviabilizando, assim, o acesso à cultura previsto na Constituição. Esse panorama conflituoso explicita a necessidade das instituições de ensino em atuar de forma mais efetiva, promovendo, por exemplo, “noites do filme” na comunidade que se sejam gratuitas, a fim de democratizar o acesso ao cinema, sendo essa uma forma de entretenimento da população, bem como de transmissão de conhecimento. Portanto, cabe ao poder público intensificar os investimentos no acesso à produção cultural do país, sobretudo, ao cinema, mediante replanejamento orçamentário, que viabilize a destinação de mais verbas para a construção de cinemas nos municípios, com o propósito de que mais brasileiros possam usufruir dessa importante ferramenta para o lazer. Outrossim, as instituições de ensino, como as escolas e as universidades, devem promover a democratização do acesso ao cinema, por meio da exibição gratuita de filmes em, por exemplo, auditórios e quadras escolares em horários noturnos, com o fito de que todas as parcelas sociais possam ser atendidas."
redamil_LucasFelpi,2019,Democratização do acesso ao cinema no Brasil,1000,"O poeta Sebastião Uchoa Leite já mencionou que o cinema era uma de suas grandes inspirações em razão das diferentes perspectivas que este pode dar sobre o mundo. Portanto, o cinema, enquanto ferramenta de reflexão, beneficia a população brasileira, mas enfrenta, lamentavelmente, desafios para a democratização de seu acesso em escala nacional. Isso se deve, por um lado, a um padrão cinematográfico que não contempla as diversidades regionais e, por outro, a uma elitização da “sétima arte”, afastando-a das periferias. Em primeiro lugar, o Brasil reproduz, majoritariamente, filmes americanos, de padrão “hollywoodiano”, que não contemplam as expressões regionais brasileiras. Segundo o filósofo Emmanuel Lévinas, uma sociedade justa deve respeitar a alteridade de seus membros, de modo que sua exclusão é uma forma de violência. Assim, o cinema regional aparece como um símbolo da cultura local, e seu incentivo é um modo de respeitar a alteridade dessas parcelas da sociedade, incluindo-as na cultura do cinema. Além disso, o cinema, no Brasil, tem tido alcance restrito às classes sociais privilegiadas, que possuem fácil acesso a shopping centers, onde a maioria dos cinemas se concentra, ou renda suficiente para manter serviços de streaming, como o Netflix. De acordo com o sociólogo Pierre Bourdieu, a facilidade de acesso a obras de arte pode ser chamada de “capital cultural”, e sua acumulação é uma maneira de reproduzir a desigualdade social. Nesse sentido, levar o cinema às periferias é um passo essencial para a democratização de seu acesso no Brasil e para a distribuição do “capital cultural” entre todos. Em conclusão, o incentivo ao cinema regional brasileiro e a difusão da “sétima arte” nas periferias são caminhos possíveis para a democratização do seu acesso no Brasil. Para isso, o Ministério da Cidadania, por meio de editais públicos, deve oferecer patrocínio à produção de filmes regionais, em especial nos interiores brasileiros, com a finalidade de difundir o cinema regional. Concomitantemente, os Governos estaduais, por meio de suas secretarias de cultura, devem criar campanhas de exibição de filmes nas periferias, atendendo às especificidades de cada estado, para difundir o acesso a esse meio artístico a todos os brasileiros."
redamil_LucasFelpi,2019,Democratização do acesso ao cinema no Brasil,1000,"O filme “Bastardos Inglórios”, ao contextualizar cenas em meados do século XX, retrata o caráter elitista das exibições de cinema, uma vez que eram espaços de socialização das classes ricas da época. Na contemporaneidade, embora seja mais amplo, ainda há entraves a serem superados quanto à democratização do acesso às salas cinematográficas no Brasil. Nesse sentido, os resquícios de uma herança segregacionista no que diz respeito à frequência de locais de cinema, geram a dificuldade de manter esse hábito em grande parte da população, o que perpetua a problemática. Nessa linha de raciocínio, é fundamental ressaltar que a urbanização tardia e a constante gentrificação de espaços citadinos brasileiros são responsáveis pela permanência de costumes elitistas. Com efeito, o geógrafo Milton Santos, ao estudar a organização das cidades do Brasil, postula que o processo rápido e desorganizado de construção urbana provocou a marginalização de grande parte dos cidadãos. Desse modo, o acesso a shopping centers e demais espaços de lazer, como os cinemas, ficou restrito àqueles que possuem meios para tal, ou seja, à parcela da população que mora perto desses locais centrais – a elite -, ou que possui recursos para se deslocar e consumir esses produtos culturais – também a elite. Assim, no que tange à exibição de filmes, há resquícios de um caráter segregacionista, visto que a marginalização e a gentrificação excluem a massa populacional dos espaços cinematográficos, mantendo a problemática. Por conseguinte, a dificuldade de manter o hábito de frequentar tais locais impede a democratização do acesso ao cinema. Nesse aspecto, a teoria do sociólogo Pierre Bourdieu acerca de “capital cultural” vai ao encontro da realidade brasileira. Em seus postulados, Bourdieu discute a influência das referências socioespaciais nos costumes do indivíduo, concluindo que o desenvolvimento de valores que incluam certa cultura é imprescindível à manutenção dos costumes referentes à ela. Sendo assim, a herança elitista de frequência às salas cinematográficas e demais plataformas de exibição impede a construção de um capital cultural em parte significante da população do país, prejudicando sua democratização. Um exemplo disso é o relato da autora Carolina Maria de Jesus, em seu livro “Quarto de despejo”, no qual ela conta que, por residir na periferia, o dinheiro que seus filhos gastariam para assistir aos longas no cinema não era suficiente nem para pagar seus deslocamentos até lá. Portanto, visando mitigar os entraves à resolução da problemática, algumas medidas são necessárias. Primeiramente, cabe ao Governo Federal criar programas de apoio à cultura cinematográfica, por meio de sistemas de assistência às famílias carentes e especialmente distantes dos centros de lazer, como ""vales cultura"", junto a ""vales transporte"", para que os processos conceituados por Milton Santos (como gentrificação, que é a expulsão de indivíduos de uma área para a construção de espaços elitizados) não interfiram no acesso populacional ao cinema. Por fim, é dever das escolas promover formas de desenvolvimento de valores referentes à cultura cinematográfica, através de exibições extra-classe, como em gincanas e trabalhos lúdicos, a fim de que tanto os alunos, quanto os pais possam construir o ""capital"" postulado por Bourdieu, de de modo que tenham interesse de frequentar os espaços de plataformas de filmes, ampliando, então, o acesso a elas. Enfim, o cenário retratado no longa ""Bastardos Inglórios"" não será reproduzido no Brasil, haja vista que o aporte ao cinema será democratizado."
redamil_LucasFelpi,2019,Democratização do acesso ao cinema no Brasil,1000,"Na sua origem, o cinema era um mecanismo de registro de momentos significativos e tinha cunho científico, mas, pouco antes do início do século XX, ele foi apresentado ao mundo como, além de entretenimento, uma arte e, ao longo dos anos, ganhou forte repercussão internacional. Foram representados em vídeo personagens famosos, tais como Mickey Mouse, o Batman, o ""Superman"", entre outros, que conseguiram grande sucesso ao redor do planeta. O cinema, contudo, evoluiu, à medida que o tempo passou, e, hoje, não é apenas uma forma de diversão para as massas, mas também um meio de expor visões de mundo, capaz de formar opiniões de grande valor. Assim, devido a seus muitos benefícios, é imprescindível democratizar seu acesso no Brasil. O cinema cumpre um importante papel de conscientizar as pessoas. O filme ""O Grande Ditador"", de Charles Chaplin, por exemplo, traz consciência a respeito do preconceito contra os judeus, pois retrata a Alemanha por volta de 1940, época em que era dominada por um regime nazista, o qual pregava o antissemitismo. Esse filme também apresenta um contexto que se assemelha ao cenário político atual do Brasil, já que retrata a opressão de um governo ditatorial, fenômeno cujo conhecimento é muito importante na contemporaneidade, uma vez que grupos que defendem o autoritarismo e outras medidas anti-democráticas têm surgido e ganhado espaço no território nacional. Desse modo, os filmes têm grande peso na conscientização do povo brasileiro acerca de problemas como o preconceito e a ameaça à democracia. Além disso, a sétima arte, como é chamado o cinema, funciona como uma importante fonte de informações. Os documentários, filmes que, como sugere o nome, documentam períodos, acontecimentos históricos e contextos geopolíticos, são de extrema importância para a construção de opiniões e de conhecimento por parte dos brasileiros. O documentário ""Brasil, um país violento"", da Rede Globo, como exemplo, traz dados relevantes sobre a violência no país e captura a atenção dos espectadores, devido à dramaticidade das cenas. Dessa maneira, os documentários conseguem unir a beleza da arte à transmissão de informações; são, pois, indispensáveis à nação brasileira, haja vista que contribuem sobremodo para a formação do pensamento crítico nacional. Portanto, em vista da grande relevância que essa arte possui, o governo brasileiro e os shoppings (locais onde os filmes, em sua maioria, são exibidos), em parceria, deve fornecer, universal e democraticamente, cinema aos brasileiros, principalmente nas zonas rurais, nas tribos indígenas que queiram acesso aos filmes, nas periferias das cidades e nas favelas, visto que essas áreas foram, historicamente, deixadas à margem da sociedade, durante muitas décadas. Tal ação deve ser feita por meio do estabelecimento de salas de cinema próximas esses lugares. Essas salas, por sua vez, precisarão ter seus ingressos parcialmente custeados pelo governo, de modo a baratear o acesso dos mais pobres às obras cinematográficas. Isso será realizado para que, como consequência, todos os habitantes da nação, ricos ou pobres, tenham acesso digno a essa tão importante forma de arte. Ao fazer isso, o Brasil conseguirá, por fim, democratizar o acesso aos filmes."
redamil_LucasFelpi,2020,O desafio de reduzir as desigualdades entre as regiões do Brasil,1000,"A segunda fase do Modernismo brasileiro teve a crítica social e o regionalismo como principais características do período artístico. Nesse movimento literário, os escritores buscaram denunciar em suas produções os problemas que permeavam as regiões brasileiras, os quais intensificavam as desigualdades entre elas. Ao sair do contexto da literatura, percebe-se que as disparidades regionais, denunciadas pelos escritores de 1930, ainda são latentes na sociedade brasileira. Sob esse viés, é imprescindível compreender as origens dessas diferenças e de que modo elas reverberam sobre o Brasil. Em primeira análise, é válido destacar a industrialização da Região Sudeste como geradora das disparidades regionais. Esse fenômeno se deu de forma desordenada e acelerada durante o século XIX, com a transferência do eixo econômico para Minas Gerais, em virtude do ciclo aurífero. Assim, indivíduos de todo o Brasil migraram para o novo polo industrial em busca de oportunidades de trabalho e melhores condições de vida. Como resultado, o intenso fluxo migratório provocou o desenvolvimento desenfreado da Região Sudeste e a estagnação das demais, sobretudo a Região Nordeste, a qual, durante o mesmo período, começou a sofrer com os problemas da seca, situação retratada pelo artista Candido Portinari na tela ""Os Retirantes"", Por conseguinte, as disparidades regionais acentuam problemas como a desigualdade social e a pobreza. Tais consequências são geradas, segundo o geógrafo brasileiro Milton Santos, pela hierarquização das regiões e intensificadas pela globalização. Em sua obra ""Por Uma Nova Globalização"", o geógrafo compara os problemas da desigualdade e da pobreza no Brasil e explica o porquê do Produto Interno Bruto (PIB) ser tão discrepante dentro do mesmo país. Provas dessa análise são dados referentes à renda per capita de cada estado, divulgadas pelo IBGE em 2019, os quais evidenciaram que os 16 estados do Brasil com menor renda domiciliar pertencem às regiões Norte e Nordeste. Essa concentração de renda promove, sem dúvidas, a segregação socioespacial, uma vez que marginaliza os indivíduos não detentores de renda favorável, os quais passam a ocupar locais insalubres e com péssimas condições de saneamento. Portanto, nota-se que as disparidades regionais precisam ser reduzidas. Sendo assim, o Ministério da Economia, no papel de gestor orçamentário federal, deve criar um plano desenvolvimentista para o redirecionamento dos investimentos regionais. Esse redirecionamento deve ser realizado com base no IDHM de cada município dos estados brasileiro (sic). Esse plano se dará por meio do mapeamento das cidades mais conurbadas de cada região, a fim de viabilizar o crescimento equitativo do Brasil e uma maior integração entre as regiões. Somente assim, as denúncias realizadas pela geração regionalista de 1930 poderão ser objeto de estudo literário e não de uma realidade brasileira."
redamil_LucasFelpi,2020,A falta de empatia nas relações sociais no Brasil,1000,"Amai o próximo como a si mesmo."" Essa citação, feita no livro sagrado dos cristãos, a Bíblia, mostra a importância de promover a empatia ao próximo para o bom funcionamento da sociedade. Entretanto, no cenário atual brasileiro, é evidente a falta desse sentimento nas relações sociais, conforme pode ser visto no número de casos de violência contra a mulher e de agressão aos indivíduos com orientação sexual distinta. Assim, torna-se necessária a adoção de medidas pelos órgãos governamentais e pela população, visando o retorno da harmonia interpessoal. Vale analisar, como fator primordial, a ausência de empatia expressa na quantidade de crimes de feminicídio. Esse complexo da superioridade masculina é consequência do período colonial, quando o homem era responsável pelos negócios da família e enviado para estudar em Portugal, enquanto a mulher atuava nas atividades domésticas e era preparada para ser mãe. A herança histórica decorrente dessa época contribui para a formação de indivíduos do sexo masculino sem compaixão pelo próximo, com a mentalidade machista de possuir controle sobre os corpos de meninas e, portanto, ter direito de usá-los da maneira que desejarem, causando o aumento do número de agressões e, em casos mais graves, mortes, Desse modo, é fundalemtal a mobilização de educadores e familiares para tentar modificar esse pensamento misógino. Cabe avaliar, também, a falta de empatia retratada nos casos de violência contra pessoas com orientação sexual distinta. Isso pode ser visto em um episódio da série ""Sex Education"", no qual Eric, um adolescente homossexual, é agredido na rua por estar com vestimentas consideradas femininas, resultando no bloqueiro emocional do garoto. De maneira análoga ao seriado, casos de discriminação à comunidade LGBTQ+ ocorrem diariamente no território brasileiro, feitos por pessoas não ensinadas a respeitar os aspectos individuais de outros indivíduos, podendo causar traumas profundos nas vítimas, quando elas não são mortas. Portanto, torna-se fundamental a mediação dos governantes e da polícia para garantir a segurança dessas pessoas. Mediante os fatos expostos, é dever das escolas, por meio de parcerias com as famílias dos estudantes, estabelecer um horário para dialogar sobre a estruturação do pensamento machista na sociedade, mostrando a sua origem e as consequências advindas do período colonial, para criar homens mais simpáticos e, consequentemente, diminuir o número de casos de feminicídio. Além disso, o Ministério da Cidadania, por intermédio de investimentos governamentais, deve melhorar as delegacias de polícia, usando o capital fornecido para promover rondas periódicas, instalação de mais câmeras e atendimento psicológico gratuito para as vítimas de ataques homofóbicos, com o intuito de assegurar segurança a pessoas de qualquer orientação sexual. Logo, com a adoção dessas medidas, a citação feita na Bíblia poderá ser uma realidade."
redamil_LucasFelpi,2020,O estigma associado às doenças mentais na sociedade brasileira,1000,"Manoel de Barros, grande poeta pós-modernista, desenvolveu em suas obras uma “teologia do traste”, cuja principal característica reside em dar valor às situações frequentemente esquecidas ou ignoradas. Seguindo a lógica barrosiana, faz-se preciso, portanto, valorizar também a problemática das doenças mentais no Brasil, ainda que elas sejam estigmatizadas por parte da sociedade. Nesse sentido, a fim de mitigar os males relativos a essa temática, é importante analisar a negligência estatal e a educação brasileira. Primordialmente, é necessário destacar a forma como parte do Estado costuma lidar com a saúde mental no Brasil. Isso porque, como afirmou Gilberto Dimenstein, em sua obra “Cidadão de Papel”, a legislação brasileira é ineficaz, visto que, embora aparente ser completa na teoria, muitas vezes, não se concretiza na prática. Prova disso é a escassez de políticas públicas satisfatórias voltadas para a aplicação do artigo 6º da “Constituição Cidadã”, que garante, entre tantos direitos, a saúde. Isso é perceptível seja pela pequena campanha de conscientização acerca da necessidade da saúde mental, seja pelo pouco espaço destinado ao tratamento de doenças mentais nos hospitais. Assim, infere-se que nem mesmo o princípio jurídico foi capaz de garantir o combate ao estigma relativo a doenças psíquicas. Outrossim, é igualmente preciso apontar a educação, nos moldes predominantes no Brasil, como outro fator que contribui para a manutenção do preconceito contra as doenças psiquiátricas. Para entender tal apontamento, é justo relembrar a obra ""Pedagogia da Autonomia"", do patrono da educação brasileira, Paulo Freire, na medida em que ela destaca a importância das escolas em fomentar não só o conhecimento técnico-científico, mas também habilidades socioemocionais, como respeito e empatia. Sob essa ótica, pode-se afirmar que a maioria das instituições de ensino brasileiras, uma vez que são conteudistas, não contribuem no combate ao estigma relativo às doenças mentais e, portanto, não formam indivíduos da forma como Freire idealizou. Frente a tal problemática, faz-se urgente, pois, que o Ministério Público, cujo dever, de acordo com o artigo 127 da ""Constituição Cidadã"", é garantir a ordem jurídica e a defesa dos interesses sociais e individuais indisponíveis, cobre do Estado ações concretas a fim de combater o preconceito às doenças mentais. Entre essas ações, deve-se incluir parcerias com as plataformas midiáticas, nas quais propagandas de apelo emocional, mediante depoimentos de pessoas que sofrem esse estigma, deverão conscientizar a população acerca da importância do respeito e da saúde mental. Ademais, é preciso haver mudanças escolares, baseadas no fomento à empatia, por meio de debates abertos sobre temas socioemocionais."
redamil_LucasFelpi,2020,O estigma associado às doenças mentais na sociedade brasileira,1000,"Na obra “Triste Fim de Policarpo Quaresma”, de Lima Barreto, o protagonista Policarpo é caracterizado como um doente mental por familiares e colegas de profissão devido ao seu ufanismo, sendo segregado da sociedade em um hospício. Atualmente, na realidade brasileira, os verdadeiros doentes mentais são tão estigmatizados quanto o fantasioso Policarpo, sendo tratados e observados com preconceito por considerável parcela da população. Assim, faz-se necessário analisar os alicerces que sustentam esse estigma, a citar, a ausência de ensino sobre a temática e a falta de empatia característica da contemporaneidade, no sentido de buscar desbancar tais bases prejudiciais. Inicialmente, a falta de um conteúdo voltado aos transtornos mentais na formação educacional brasileira possibilita o desenvolvimento de concepções preconceituosas. No conto “O Alienista”, de Machado de Assis, um médico acaba encarcerando a população de uma cidade inteira, já que não existiam métodos precisos para reconhecer as doenças mentais, ou seja, todas as decisões dele estavam permeadas de desconhecimento. Analogamente à obra, o cidadão que não conhece, minimamente, os transtornos da mente tenderá a criar suposições erradas, tomando ações equivocadas. Logo, a ignorância e o preconceito prevalecem. Ademais, a manutenção dessa ignorância é fortalecida pelos ideais narcisistas valorizados hodiernamente, os quais, muitas vezes, desvalorizam o diferente. Segundo o filósofo Byung Chul-Han, o século XXI é dominado por uma sociedade do desempenho, na qual a individualidade é extremada em detrimento do altruísmo. Nesse panorama, o indivíduo, imerso em si mesmo, não consegue enxergar e aceitar a pluralidade de seres humanos que o circundam. Dessa forma, o cidadão brasileiro, inserido nessa lógica, nega o doente mental e classifica-o como anormal, reforçando estigmas danosos. Infere-se, portanto, que o preconceito associado às doenças mentais no Brasil precisa ter suas fundações desfeitas. Para tanto, o Ministério da Educação deve, com o suporte do Ministério da Saúde, inserir a discussão acerca das doenças mentais nas escolas, por meio de alterações na Base Nacional Curricular Comum, as quais afetarão as disciplinas de filosofia, sociologia, biologia e literatura, a fim de formar cidadãos mais tolerantes e conhecedores dos transtornos mentais. Além disso, o Ministério da Família deve fomentar a empatia social, utilizando-se de publicidades que valorizem atitudes altruístas, visando à redução do individualismo. Quiçá, nessa via, os policarpos modernos não serão segregados."
redamil_LucasFelpi,2020,O estigma associado às doenças mentais na sociedade brasileira,1000,"Edvard Munch, pintor expressionista, na obra “O grito”, retratou a angústia, o medo e a desesperança no semblante de uma personagem rodeada por uma atmosfera de profunda desolação. Para além do quadro, no Brasil, o sentimento de milhares de indivíduos assolados por incapacitantes doenças mentais é, em muitos casos, semelhante ao ilustrado pelo artista. Nesse panorama, a compactuação da sociedade e os altos custos dos tratamentos favorecem a perpetuação do estigma na sociedade brasileira. Cabe-se, então, alcançar medidas efetivas de combate a essa triste realidade de desespero ilustrada pelo artista. Em uma primeira análise, sob a ótica social, faz-se necessário refletir acerca da banalização do sofrimento psíquico na contemporaneidade. Isso porque, ao se desvalorizar a dor emocional, o indivíduo doente não recebe o apoio necessário do corpo social e de seus familiares, haja vista o grande estigma e a desconstrução, em suas mínimas expressões, da importância da busca pelo correto tratamento em decorrência da humilhação sofrida pelo paciente. Michel Foucault, nesse sentido, a partir do conceito de Normalização, definiu que há, na sociedade, a repetição de comportamentos sem a devida reflexão crítica dessa conduta, sendo assim, a reprodução de atitudes preconceituosas contra a população atingida por doenças mentais é subproduto do desconhecimento social da relevância do suporte coletivo para a melhoria do estado mental. Com isso, o estigma associado aos transtornos mentais favorecem a replicação de atitudes egoístas. Ademais, em segundo plano, o elevado custo no tratamento das doenças mentais fomentam a caótica conjuntura atual do país. Essa correlação pode ser estabelecida em decorrência dos altos valores dos medicamentos e das consultas psicológicas, o que afasta a população menos favorecida do acompanhamento extremamente necessário à sua sobrevivência. Segundo o Conselho Federal de Psicologia, o valor médio da sessão de terapia é de cento e cinquenta reais por visita, isso revela o caráter excludente do acesso ao tratamento para a população mais pobre. Nesse contexto, aqueles que necessitam do auxílio psiquiátrico ficam reféns da falta de apoio governamental para arcar com os altos valores do tratamento. Dessa forma, a desigualdade estrutural do Brasil afeta os doentes. Torna-se evidente, portanto, que o preconceito social e o grande abismo econômico do país favorecem a perpetuação do estigma à doença mental. Para reverter esse quadro, é preciso que o Poder Executivo – por intermédio do Ministério da Saúde - faça, em conjunto com os familiares do doente, a promoção e o incentivo ao tratamento psicológico. Isso deve ocorrer por meio da contratação de psicólogos e da criação de projetos – como o “Cada vida conta”, que valorizem a sobrevivência-, a fim de oferecer consultas com preços populares e alertar a população da importância de cuidar da saúde mental. Espera-se, assim, que os sofrimentos emocionais retratados pelo pintor Munch pertençam apenas ao plano artístico."
redamil_LucasFelpi,2020,O estigma associado às doenças mentais na sociedade brasileira,1000,"O filme ""Coração da Loucura"" — que narra a história da psiquiatra Nise da Silveira — retrata a desumanização sofrida pelos indivíduos que possuem psicopatologias, o que dificulta a realização de tratamento adequado e a inserção social destes. Nesse sentido, a temática da obra está intimamente ligada à sociedade brasileira atual, visto que o estigma associado às doenças mentais é um problema que restringe a cidadania no país. Com efeito, hão de ser analisadas as causas que corroboram esse grave cenário: a desinformação e a mentalidade social. Nesse viés, é necessário pontuar que a falta de informação acerca das doenças mentais precisa ser superada. A esse respeito, o jornalista André Trigueiro, em seu livro ""Viver é a Melhor Opção"", afirma que parte expressiva dos cidadãos portadores de alguma disfunção mental possui dificuldade em viver de forma mais saudável devido à falta de conhecimento sobre sua condição. Sob essa perspectiva, constata-se que grande parte dos brasileiros desconhece a diferença entre tristeza e depressão ou ansiedade e estresse, por exemplo — tal como denunciado por André Trigueiro. Dessa forma, embora a psiquiatria e a psicologia tenham avançado no que diz respeito ao controle dos sintomas das psicopatologias, o fato de esse tema ser silenciado impede que muitos tenham acesso à saúde mental e faz com que o sofrimento psíquico seja reduzido a uma ""frescura"" ou sentimento passageiro. Assim, enquanto a desinformação se mantiver, o Brasil permanecerá distante da inclusão dessa parcela da sociedade. Ademais, a mentalidade social preconceituosa existente no território nacional dificulta a superação dos estigmas no que tange as disfunções mentais. Nesse cenário, o sociólogo Sérgio Buarque de Holanda, em sua obra ""O Homem Cordial"", expõe o egoísmo presente na sociedade brasileira — que tende a priorizar ideais particulares em detrimento do bem estar coletivo. Desse modo, observa-se que as doenças mentais são frequentemente associadas à incapacidade ou fraqueza por destoarem do ideal inalcançável de perfeição cultivado no ideário nacional, o que faz com que muitos cidadãos sejam alvo de preconceito e exclusão, fatos que demonstram o egoísmo ainda presente na mentalidade brasileira. Por conseguinte, evidencia-se a necessidade da construção de valores empáticos e solidários no Brasil: fator imprescindível na construção de uma sociedade igualitária e democrática. Portanto, o Ministério da Educação deve promover a informação segura a respeito das doenças mentais desde os primeiros anos da vida escolar por meio da adição de uma disciplina de saúde mental à Base Nacional Curricular, além de realizar campanhas informativas na mídia, visando à plena educação psicossocial da população. Somado a isso, o Ministério da Saúde pode dirimir o preconceito por intermédio da divulgação de vídeos em suas redes sociais que contem a história de portadores de doenças mentais — ressaltando a necessidade de desenvolver a empatia e o respeito — a fim de que a sociedade seja mais democrática e inclusiva. Com essas medidas, ""Coração da Loucura"" será apenas um retrato passado do Brasil, que será socialmente justo e promoverá de forma efetiva a saúde mental de seus cidadãos."
redamil_LucasFelpi,2020,O estigma associado às doenças mentais na sociedade brasileira,1000,"Nise da Silveira foi uma renomada psiquiatra brasileira que, indo contra a comunidade médica tradicional da sua época, lutou a favor de um tratamento humanizado para pessoas com transtornos psicológicos. No contexto nacional atual, indivíduos com patologias mentais ainda sofrem com diversos estigmas criados. Isso ocorre, pois faltam informações corretas sobre o assunto e, também, existe uma carência de representatividade desse grupo nas mídias. Primariamente, vale ressaltar que a ignorância é uma das principais causas da criação de preconceitos contra portadores de doenças psiquiátricas. Sob essa ótica, o pintor holandês Vincent Van Gogh foi alvo de agressões físicas e psicológicas por sofrer de transtornos neurológicos e não possuir o tratamento adequado. O ocorrido com o artista pode ser presenciado no corpo social brasileiro, visto que, apesar de uma parcela significativa da população lidar com alguma patologia mental, ainda são propagadas informações incorretas sobre o tema. Esse processo fortalece a ideia de que integrantes não são capazes de conviver em sociedade, reforçando estigmas antigos e criando novos. Dessa forma, a ignorância contribui para a estigmatização desses indivíduos e prejudica o coletivo. Ademais, a carência de representatividade nos veículos midiáticos fomenta o preconceito contra pessoas com distúrbios psicológicos. Nesse sentido, a série de televisão da emissora HBO, ""Euphoria"", mostra as dificuldades de conviver com Transtorno Afetivo Bipolar (TAB), ilustrado pela protagonista Rue, que possui a doença. A série é um exemplo de representação desse grupo, nas artes, falando sobre a doença de maneira responsável. Contudo, ainda é pouca a representatividade desses indivíduos em livros, filmes e séries, que quando possuem um papel, muitas vezes, são personagens secundários e não há um aprofundamento de sua história. Desse modo, esse processo agrava os esteriótipos contra essas pessoas e afeta sua autoestima, pois eles não se sentem representados. Portanto, faz-se imprescindível que a mídia - instrumento de ampla abrangência - informe a sociedade a respeito dessas doenças e sobre como conviver com pessoas portadoras, por meio de comerciais periódicos nas redes sociais e debates televisivos, a fim de formar cidadãos informados. Paralelamente, o Estado - principal promotor da harmonia social - deve promover a representatividade de pessoas com transtornos mentais nas artes, por intermédio de incentivos monetários para produzir obras sobre o tema, com o fato de amenizar o problema. Assim, o corpo civil será mais educado e os estigmas contra indivíduos com patologias mentais não serão uma realidade do Brasil."
redamil_LucasFelpi,2020,O estigma associado às doenças mentais na sociedade brasileira,1000,"Durante a Idade Média, as doenças mentais eram associadas à falta de fé, resultando no julgamento de muitas pessoas como hereges. Apesar de datar de séculos passados, o estigma dos transtornos mentais ainda é perceptível no contexto atual, com destaque ao caso do Brasil. Nesse sentido, a persistência dessa discriminação é causada devido tanto à falta de empatia, como à insuficiência estatal no acolhimento das vítimas. Assim, é evidente a necessidade de intervir sobre essa triste realidade de caráter medieval. A princípio, o exercício escasso da empatia na sociedade brasileira contribui com a manutenção do estigma das doenças mentais. Segundo o filósofo prussiano Immanuel Kant, os indivíduos devem agir conforme o dever moralmente correto, levando em consideração a existência do outro e criando uma lei universal. Entretanto, esse princípio, chamado de imperativo categórico, não é plenamente executado no Brasil, visto que as práticas preconceituosas contra pessoas com problemas psicológicos contradiz a moral de respeito às diferenças individuais. Nessa perspectiva, serve de exemplo o pensamento errôneo no qual o indivíduo que sofre de certas condições psíquicas, como a bipolaridade, seria incapaz de agir na sociedade, desvalorizando seu caráter. Dessa forma, nota-se que esse desrespeito precisa ser desmotivado. Ademais, a atitude insuficiente do Estado em acolher as vítimas precariamente potencializa a estigmatização. De acordo com os preceitos da Constituição Federal, o governo tem a obrigação de garantir a igualdade de tratamento entre os cidadãos, independente de quaisquer condições pré-existentes. Porém, essa justiça não é comprida (sic) como deveria, já que milhares de indivíduos sofrem com preconceito associado a condições mentais. Tal fato está relacionado à falta de centros dedicados a receber denúncias e a punir os agressores, carência essa mais evidente nas zonas rurais. Com isso, milhares de brasileiros mentalmente doentes permanecem desamparados, indo contra as ideias de igualdade da Constituição. Portanto, percebe-se a prioridade de desestimular o estigma relativo a doenças mentais. Para tanto, é necessário que o Ministério da Educação realize projetos escolares que ensinem o comportamento empático para com aqueles com condições psíquicas clínicas, por meio de aulas e de palestras que ensinem o respeito ao próximo, para que a capacidade dessas pessoas não seja duvidada, permitindo a consolidação do imperativo categórico. Além disso, o Ministério da Segurança deve instalar centros de apoio, em especial no campo, que recebam denúncias e investiguem casos de estigmatização. Dessa maneira, o pensamento medieval de desqualificação dos mentalmente doentes será melhor combatido."
redamil_LucasFelpi,2020,O estigma associado às doenças mentais na sociedade brasileira,1000,"O século XXI é marcado por um estilo de vida corrido e estressante, em que os habitantes das cidades brasileiras são diariamente cobrados por eficiência e produtividade, seja nas escolas ou nas empresas. Por isso, ocorreu uma explosão no número de casos das doenças mentais no Brasil, tornando-o o país mais depressivo da América Latina, segundo a Organização Mundial da Saúde. Apesar do aumento da incidência dessas enfermidades, existe, na sociedade brasileira, um enorme estigma associado às doenças mentais que precisa ser urgentemente combatido. Esse estigma é causado pela falta de discussão sobre o tema no cotidiano e tem como consequência o agravamento do desafio de combater os transtornos psicológicos. De início, é notório que existe uma grande dificuldade em debater as questões mentais no mundo atual. Essa situação é exemplificada em um episódio de 2019 do seriado americano “One day at a time”, em que Penelope teme ser julgada por sua família se compartilhar seu diagnóstico de ansiedade, mesmo quando sua filha Elena demonstra sinais de que também apresenta a doença. Ainda que a cena se passe nos Estados Unidos, o contexto retratado é muito comum na sociedade brasileira, em que o medo de ter sua condição desmerecida e considerada irrelevante impede a discussão sobre essa temática pelos cidadãos na sua vida diária. Isso alimenta a formação de um estigma, já que as pessoas acometidas por esses transtornos se isolam da comunidade por esse receio e passam a ser consideradas estranhas pela sociedade ao seu redor. Por conseguinte a identificação e o combate das enfermidades mentais são dificultados. Isso ocorre porque, de acordo com o psiquiatra Neury Botega, os sintomas mais comuns das principais fragilidades psicológicas são parecidos com os de outras condições menos graves, como a TPM. Desse modo, como as doenças mentais são estigmatizadas e não debatidas entre os habitantes do Brasil, quando um cidadão começa a apresentar os sintomas, ele é mais propenso a pensar que se trata de algo corriqueiro, que não merece muita atenção, e falha em procurar ajuda especializada. Porém, sem o tratamento específico e precoce, os desequilíbrios da mente se tornam extremamente incapacitantes, prejudicando a saúde física, a disposição, a qualidade de vida e até a longevidade dos afetados. Logo, tendo em vista o estigma associado às doenças mentais presente na sociedade brasileira, é mister que o Ministério da Saúde promova campanhas midiáticas para conscientizar a população sobre a gravidade dessas enfermidades. Essas campanhas deverão ser feitas com vídeos e publicações nas redes sociais, utilizando profissionais de saúde que expliquem o que são esses transtornos, quais os seus sintomas e como procurar tratamento, em linguagem clara e acessível. Ademais, é necessário que essas ações visem combater as desinformações acerca da problemática presentes no senso comum, incentivando a conversa sobre o tema em todos os setores do país. Assim, será possível amenizar o estigma existente e ajudar aqueles acometidos pelas doenças."
redamil_LucasFelpi,2020,O estigma associado às doenças mentais na sociedade brasileira,1000,"Na obra “O Alienista”, o autor Machado de Assis aborda a questão das doenças mentais, já no período do Realismo literário - século XIX, - por meio do personagem Doutor Bacamarte. No enredo, nota-se o empenho do protagonista de aprisionar os diagnosticados na “Casa Verde”, local que se assemelha aos manicômios, na tentativa de isolá-los da sociedade. Apesar do ínterim entre a publicação do livro e o contexto hodierno, percebe-se que as doenças de cunho psíquico ainda são estigmatizadas no Brasil. Nesse viés, torna-se crucial analisar as causas desse revés, dentre as quais se destacam a omissão do Estado e o preconceito da sociedade. De início, é imperioso notar que a indiligência do governo potencializa os estigmas associados às doenças mentais. Depreende-se que, na obra “Os Bruzundangas”, o pré-modernista Lima Barreto já expunha que a ausência das garantias constitucionais estava no âmago das problemáticas daquela nação. Sob essa ótica, sua tentativa de criar um país fictício com os mesmos entraves do Brasil é ratificada, sobretudo no que tange ao precário engajamento estatal para com as doenças mentais, uma vez que a saúde é um direito previsto pela Constituição Cidadã e tal cláusula não é garantida de forma efetiva. Isso ocorre devido ao caráter esporádico de campanhas de conscientização a respeito da necessidade do diagnóstico e do tratamento das enfermidades psíquicas, que se apresentam restritas aos meses de destaque ao combate da depressão e do suicídio, por exemplo. Por conseguinte, parte substancial dos brasileiros ainda percebe as doenças mentais como estigma, o que contribui para a ínfima busca por tratamento. Destarte, fica nítido que a negligência do Estado dificulta a atenuação dos problemas relativos às enfermidades psíquicas. Ademais, é justo perceber que o preconceito da sociedade contribui para o estigma associado às doenças mentais. De acordo com a autora Daniela Arbex, em sua obra “Holocausto Brasileiro”, o tratamento das pessoas com doença mental no hospital ""Colônia"" era semelhante ao massacre dos campos de concentração do regime nazista, principalmente pela perda da dignidade humana. Nesse sentido, é possível inferir que, mesmo após o fechamento desse centro de saúde, o caráter documental do livro ainda ilustra o modo como a sociedade brasileira lida com a população vítima das enfermidades psíquicas, visto que a marginalização dos doentes mentais ainda é uma tônica no país. A gênese desse quadro encontra-se no modo errôneo com que boa parte dos cidadãos lidam com tais patologias, vide sua descaracterização como verdadeiras e sérias doenças. Em decorrência disso, muitas pessoas marginalizam os diagnosticados com doenças como o transtorno bipolar e a ansiedade, tratando-os de forma desrespeitosa. Dessa forma, a mudança do comportamento social é vital para atenuar o legado de massacre dos doentes mentais que ocorrera no hospital ""Colônia"". Torna-se evidente, portanto, que o estigma associado às enfermidades mentais ocorre devido à omissão do governo e ao preconceito da sociedade. Para contornar esse problema, caberá à União o estímulo ao tratamento, por meio do maior repasse de verbas aos posto (sic) de saúde, as quais serão destinadas para a realização de campanhas, em todo o decorrer dos anos, que abordem como tema principal a necessidade do combate às doenças mentais. Essa medida tem o afã de tornar efetivo o tratamento das doenças psíquicas. Outrossim, é dever do Ministério da Educação coibir o preconceito, por intermédio do aprimoramento da Lei de Diretrizes e Bases, que incluirá a disciplina ""Cidadania"" na grade escolar, com o fito de formar jovens engajados com a causa e, com isso, banir a marginalização. Assim, finalmente, criar-se-á um Brasil livre das heranças do Realismo no tratamento para com a sua população doente"
redamil_LucasFelpi,2020,O estigma associado às doenças mentais na sociedade brasileira,1000,"A obra “O Holocausto brasileiro”, da escritora e jornalista Daniela Arbex, retrata as péssimas condições do maior hospital psiquiátrico do país, na cidade de Barbacena. Nesse livro, os pacientes são tratados por meio de métodos arcaicos e invasivos, desde agressões até choques elétricos, demonstrando a violência sofrida por indivíduos portadores de transtornos psíquicos. Assim, além de expor os abusos do sistema de saúde da época, o texto também é muito atual, uma vez que o preconceito e a omissão estatal perpetuam o estigma associado às doenças mentais. Em primeiro lugar, cabe ressaltar que a desinformação da sociedade brasileira é o principal catalisador da discriminação. De fato, o avanço da tecnologia é responsável pela rápida disseminação de notícias, principalmente no mundo digital, mas isso não significa que os cidadãos se encontram mais conscientes. Dessa forma, mesmo que diversos estudos atuais comprovem a relevância dos cuidados para com a saúde mental e a legitimidade dos distúrbios psicológicos, os flagelos da intolerância ainda se mostram presentes. Consequentemente, os indivíduos com depressão, ansiedade ou outras condições especiais convivem em um ambiente degradante, o qual é marcado por preconceitos e tabus estruturais, enfrentando constantemente a invisibilidade social. De acordo com a escritora nigeriana Chimmamanda Adichie, a rotulação das pessoas através de certa característica física marcante é responsável pela criação de histórias únicas que não representam a realidade. Nesse viés, ao criar estigmas baseados no estereótipo de que pessoas com doenças mentais seriam inferiores ou incapazes, a sociedade míope alimenta uma visão eugenista e tóxica, limitando as diversas possibilidades de manifestação do ser humano e a importância da pluralidade. Ademais, a ausência de compromisso do Estado para com a saúde mental dos cidadãos é outro ponto que fomenta a problemática. De certo, a falta de incentivos na área da psiquiatria e na acessibilidade é a realidade da política do país, resultando nos diagnósticos tardios e na própria exclusão de uma parcela significativa da sociedade. Segundo o filósofo John Rawls, em sua obra “Uma teoria da justiça”, um governo ético é aquele que disponibiliza recursos financeiros para todos os setores públicos, promovendo uma igualdade de oportunidades a todos os cidadãos. Sob essa óptica, torna-se evidente que o Brasil não é um exemplo do pensamento desse teórico, visto que negligencia as dificuldades enfrentadas pelos portadores de doenças mentais, submetendo-os à periferia da cidadania. Fica exposta, portanto, a necessidade de medidas para mitigar o estigma associado aos transtornos psíquicos. Destarte, as Secretarias de Educação devem desenvolver projetos nas escolas, por meio de palestras e de dinâmicas educativas, levando médicos e pacientes para debaterem sobre o preconceito enfrentado no cotidiano, uma vez que o depoimento individual sensibiliza os estudantes, com a finalidade de ultrapassar estereótipos negativos. Outrossim, o Ministério da Saúde deve redistribuir as verbas, priorizando as áreas da psiquiatria e psicologia, direcionando maiores investimentos nesse setor negligenciado pelo Estado. Por fim, será possível criar um país mais democrático, afastando a realidade dos absurdos retratados na obra da escritora Daniela Arbex"
redamil_LucasFelpi,2021,Invisibilidade e registro civil: garantia de acesso à cidadania no Brasil,1000,"A Constituição Federal, promulgada em 1988, foi esboçada com o objetivo de delinear direitos básicos para todos os cidadãos. Entretanto, tal teoria não tem sido vista em metodologias práticas, uma vez que ainda há a falta de registro civil de milhares de pessoas, impedindo-as de garantir o acesso à cidadania no Brasil, o que gera a invisibilidade social. Tal invisibilidade provoca inúmeras chagas, como a precarização do trabalho e a exclusão democrática. Diante desse cenário, é válido retomar o aspecto supracitado quanto à precarização do trabalho laboral. Nesse contexto, é indiscutível que a ausência do registro civil primordial - a certidão de nascimento - impossibilita a pessoa de possuir outros documentos necessários para a vivência social, como, por exemplo, a carteira de trabalho. Dessa forma, é afirmativo que tal lacuna incorre na precarização do trabalho, uma vez que inviabiliza a efetivação dos direitos laborais, como férias remuneradas, ou, em casos mais extremos, torna o indivíduo vulnerável a trabalhos análogos à escravidão. Em consonância com tal tese, é possível citar a obra “Casa-grande e Senzala“, do autor Gilberto Freyre, na qual ele realiza uma comparação entre o Brasil hodierno e o Brasil Colônia, em que o trabalho escravo - ou seja, o ato laboral precarizado - é um instrumento de invisibilidade social. Sendo assim, torna-se evidente a essencialidade dos registros civis na garantia dos direitos trabalhistas para todos os brasileiros, o que, por sua vez, coopera em promover a visibilidade cidadã. Ademais, é essencial citar a exclusão democrática como uma das principais consequências da falta de registros civis. Nessa perspectiva, é notável que a já citada ausência da certidão de nascimento impede, também, a realização do título de eleitor, documento necessário para o pleno exercício da democracia brasileira. Sob esse viés, é possível relacionar tal tese ao conceito de polifonia das cidades, desenvolvido pelo teórico Nick Couldry, no qual ele afirma que a democracia é constituída pela atuação das vozes de todos, e, por isso, onde não há a voz de alguém, não há democracia. Desse modo, fica evidente que a ausência do registro civil impossibilita a participação política, o que causa o silenciamento da voz daquele pseudocidadão brasileiro. Nota-se, portanto, a necessidade de reverter esse cenário de invisibilidade social causado pela ausência do registro civil. Para tal, é intrínseco que o Governo Federal, órgão de maior importância no âmbito nacional, implemente mais Varas da Infância e da Juventude em locais de alta procura por esses serviços. Tal ação deve ser realizada por meio da criação de secretarias e/ou departamentos responsáveis por pesquisa e controle, a fim de haver um mapeamento de cidades e regiões metropolitanas onde há maiores índices de invisibilidade social, para, assim, suprir a demanda requerida para o registro civil dos futuros cidadãos. Dessa forma, progressivamente haverá a garantia da cidadania para todos os brasileiros."
redamil_LucasFelpi,2021,Invisibilidade e registro civil: garantia de acesso à cidadania no Brasil,1000,"Graciliano Ramos, em sua obra literária ""Vidas Secas"", expõe um protagonista sertanejo marcado pela inferiorização de sua própria figura. Nesse contexto, o personagem abordado abandona o entendimento de si como cidadão e, por conseguinte, percebe-se como um ""ninguém"" ou, até mesmo, como um animal. Em realidade, por sua vez, ultrapassa a esfera ficcional e é presente no Brasil, na medida em que milhares de brasileiros são acometidos por uma conjuntura de invisibilidade referente ao registro civil. Esse fato configura-se como um impasse à garantia da cidadania e incentiva perspectivas similares à narrativa mencionada. Os alicerces desse problema são: a negligência estatal e a desigualdade no acesso à informação. Diante disso, em uma primeira análise, é importante pontuar o dever da máquina pública na proteção da cidadania de todo o corpo civil. Isso porque, segundo a Constituição Federal, é função do Estado viabilizar aos brasileiros uma vida digna, a qual pressupõe a garantia da atuação cidadã. No entanto, a postura estatal é de descaso no que se refere à ampliação e à democratização do registro identitário, documento básico para o entendimento pessoal e alheio dos indivíduos como cidadãos preenchidos de direitos e de deveres. Nesse quadro, essa temática é deixada em último plano nas discussões e nas ações políticas e, então, encontra-se fadada ao apagamento. Como resultado, inúmeras pessoas não têm suas existências reconhecidas pela estrutura governamental e, dessa forma, são desassistidas em diversos âmbitos, posto que suas vivências são desconsideradas. Logo, a inovação do governo oferece somente prejuízos à dignidade da população. Além disso, é válido perceber o panorama de assimetria social como fator potencializador da problemática em debate. Segundo Ariano Suassuna, ilustra pensador brasileiro, o território nacional está dividido em dois países distintos: o dos privilegiados e o dos despossuídos. Sob essa lógica, o autor faz um alerta a respeito da desigualdade de renda, de oportunidades e de acesso à informação vigente no Brasil. Nesse sentido, percebe-se que populações mais pobres padecem frente à carência de recursos e à ignorância. Esse cenário dificulta a garantia da cidadania, visto que a desinformação torna a sociedade passiva e inativa na busca por seus direitos. Dessa maneira, por não reconhecerem a importância da documentação pessoal, por exemplo, muitos indivíduos não registram seus filhos - conduta que dá margem à formação de uma esfera de invisibilização de inúmeros cidadãos. Portanto, são notórios os fatores que alimentam a árdua realidade brasileira no que tange ao registro civil. O Governo Federal deve, pois, atuar na efetivação do amparo documental da população, por meio da elaboração de uma campanha nacional de democratização do acesso ao registro identitário, o qual seja capaz de atuar em todas as regiões do pais. Isso terá como fim o reconhecimento de todo o contingente populacional e a promoção da cidadania plena e permanente - prerrogativa básica para o bem comum. Cabe, ainda, o apoio da mídia televisiva - comunicadora de massas - na informação civil acerca desse assunto, através da veiculação de comerciais educativos nesse sentido. Essa ação terá como fim a difusão do conhecimento referente à importância da conduta em pauta. Assim, os brasileiros poderão escapar da ótica arquitetada por Graciliano Ramos."
redamil_LucasFelpi,2021,Invisibilidade e registro civil: garantia de acesso à cidadania no Brasil,1000,"Durante a ascensão do nazismo, os judeus foram despojados de seus direitos gradualmente, até que, por fim, tiveram seus documentos apreendidos. Com isso, tornaram-se apátridas, estrangeiros em sua própria terra. Nesse contexto, percebe-se um vínculo estreito entre cidadania e registro civil, posto que a posse de documentos comprova o indivíduo como cidadão possuidor de direitos. Essa relação também é perceptível no Brasil, em que a ausência de documentação leva à invisibilidade e perpetua um ciclo de vulnerabilidade. A princípio, é preciso analisar como a falta de documentos conduz à marginalização e à nulificação do indivíduo que não os possui. Vale lembrar que, na Grécia Antiga, eram reconhecidos como cidadãos somente homens livres e descendentes de pais gregos. Esse reconhecimento lhes concedia a oportunidade de serem escutados, e a mesma coisa se dá no Brasil contemporâneo: ser contemplado com um certificado de cidadão – neste caso, uma certidão de nascimento – garante o reconhecimento do sujeito como pertencente àquele local e, além disso, receptor de proteção e serviços ofertados pelo Estado. Sob essa lógica, ser cidadão significa ter status elevado à condição de ser de direitos, enquanto aqueles que não o são permanecem vulneráveis, em uma posição marginal. Ademais, convém compreender como o fato de não ser contemplado com registro civil e seus benefícios corrobora a existência de um ciclo mantenedor de indivíduos nulificados. Para a pensadora alemã Hannah Arendt, os apátridas estão sujeitos ao chamado Estado de exceção, em que são excluídos e explorados. No Brasil, é possível observar esse cenário nas condições precárias às quais os invisibilizados têm de se submeter, a exemplo de trabalhos análogos à escravidão e à impossibilidade de se obter educação formal. Nessa perspectiva, pais não registrados não conseguem registrar seus filhos, os quais têm de enfrentar as mesmas condições desumanas que seus progenitores enfrentaram. É constituído, assim, um ciclo mantenedor da invisibilidade. Depreende-se, portanto, que o registro civil é garantidor do acesso à cidadania no Brasil. Sua ausência leva à vulnerabilidade cíclica, que só pode ser transposta pela aquisição de documentação pessoal. A fim de obtê-la, é necessário que as autoridades competentes, utilizando a tecnologia disponível como meio, elabore a criação de locais especializados em auxiliar pessoas nessa situação a lidarem com toda a burocracia exigida. Somente assim todos serão, verdadeiramente, filhos da pátria."
redamil_LucasFelpi,2021,Invisibilidade e registro civil: garantia de acesso à cidadania no Brasil,1000,"A obra modernista ""Vidas Secas"", produzida por Graciliano Ramos, retrata a história de vulnerabilidade socioeconômica enfrentada por Fabiano e seus dois filhos, os quais eram chamados por seu pai de filho mais novo e mais velho, não possuindo seus nomes registrados durante o desenvolvimento do enredo. Ao sair do campo literário e fazer uma análise da atual conjuntura brasileira, nota-se ainda a invisibilidade associada ao acesso das pessoas ao registro civil, visto que tal problema e negligenciado por diversos segmentos sociais e políticos. A partir desse contexto, é fundamental entender o que motiva essa situação irregular de documentação e o principal impacto para a sociedade, a fim de que o acesso à Cidadania seja eficiente. Diante desse cenário, percebe-se que a invisibilidade acerca da questão do registro civil é motivada pela falta de uma política pública eficaz que regularize essa problemática. Isso ocorre, principalmente, porque, como já mencionado nos estudos da antropóloga Lilia Schwarcz, há a prática de uma política de eufemismos no Brasil, ou seja, determinados problemas tendem a ser suavizados e não recebem a visibilidade necessária. Sob essa ótica, é perceptível que o reduzido debate sobre a importância da certidão de nascimento e de outros documentos, bem como a baixa presença de estratégias para facilitar o acesso a pessoas de baixa renda dificultam a mudança dessa situação preocupante. Desse modo, enquanto a desinformação e a assistência precária se mantiverem, a procura pelo registro de nascimento será reduzida. Outrossim, convém pontuar que o principal efeito negativo disso é o afastamento desses grupos não registrados dos espaços públicos, em especial da escola e do mercado de trabalho. Tal situação é discutida no livro ""A cidadania no Brasil: o longo caminho"", do historiador José Murilo de Carvalho, ao sustentar que a desigualdade social impede a construção de uma sociedade mais justa e equitativa. Ao seguir essa linha de pensamento, à medida que o indivíduo não tem seus documentos regularizados, a possibilidade da inclusão no meio escolar e no laboral diminui, uma vez que tais papéis são pré-requesitos para se matricular e ser, posteriormente, contratado por uma empresa. A título de exemplo, o Brasil é o 9° país mais desigual do mundo, conforme o IBGE. Dessa maneira, observa-se como esse problema promove vulnerabilidade. Portanto, a invisibilidade associada ao registro civil no Brasil precisa ser revertida. Para isso, é fulcral que o Poder Executivo Federal, mais especificamente o Ministério da Cidadania, estimule ações estratégicas para ampliar o número de pessoas registradas oficialmente, principalmente nas comunidades pobres. Essa iniciativa ocorrerá por meio da implantação de um ""Projeto Nacional de Incentivo à Formalização da Documentação Pessoal"", o qual irá contar tanto com o aumento do envio de assistentes sociais para verificar a situação do registro nas residências. Isso será feito a fim de conter o impacto social desse problema e aumentar a cidadania. Afinal, casos como o do livro ""Vidas Secas"" precisam ser reduzidos."
redamil_LucasFelpi,2021,Invisibilidade e registro civil: garantia de acesso à cidadania no Brasil,1000,"No documentário “A cidadania é para todos”, disponibilizado pela Netflix, é retratada a liberdade dos indivíduos na participação social. Nesse sentido, é mostrado o aproveitamento da sociedade nos programas básicos do Estado como a viabilidade educacional e o direito à moradia. Todavia, a distribuição igualitária desse incentivo não é realizada de forma homogênea no território brasileiro. Ademais, a parcela da sociedade que não está munida da documentação principal, a certidão de nascimento, não possui acesso a uma vida digna, e assim, realiza a tentativa migratória de forma ilegal. Contudo, novas práticas governamentais devem ser implantadas. Diante dessa perspectiva, apesar de ser gratuito e amparado pela Lei 9.534/1997, há um processo burocrático para emissão do documento, principalmente, para negros e pessoas de baixa renda. Em conformidade com uma reportagem exibida pelo Jornal da Record, em julho de 2021, é perceptível a dificuldade da população negra e ribeirinha para obter a certidão por se localizar longe do órgão omissor competente. Nesse contexto, é perceptível que a localidade para a realização deste documento é de suma importância. Por isso, é viável que todo cidadão saia da maternidade já registrado ou que seja providenciado esse registro para a população sem acesso. Sobretudo, sem estarem identificadas essas pessoas estão desamparadas pelo governo. Segundo uma entrevista divulgada pelo portal de notícias UOL, em 2021, uma jovem negra relatou a dificuldade ao acesso à saúde pública e no sonho de cursar uma graduação. Contou ainda, que a família já havia feito uma tentativa de travessia de forma ilegal para outro país ao atravessar a fronteira Brasil/Paraguai com o objetivo de buscar uma vida melhor. Entretanto, essa é a realidade que milhares de cidadãos brasileiros não registrados enfrentam diariamente. Em síntese, novas medidas sociais devem ser elaboradas. Fica sob incumbência do Ministério da Saúde (MS) em parceria com o Ministério da Educação (MEC), dar competência às respectivas secretarias estaduais e regionais para emitir essa documentação nos hospitais e maternidades ou em creches/escolas. Para viabilizar o registro de cidadãos que não têm acesso aos estabelecimentos citados, cabe ao Instituto de Identificação realizar visitas periódicas mensais a fim de coletar dados e informações pessoais para o registro. A documentação deverá ser entregue pessoalmente para o solicitante. Em suma, a população identificada, terá acessibilidade aos serviços e incentivos sociais disponibilizados pelo governo."
redamil_LucasFelpi,2021,Invisibilidade e registro civil: garantia de acesso à cidadania no Brasil,1000,"A cidadania, no contexto relativo à Grécia Antiga, era restrita aos homens aristocratas, maiores de vinte e um anos, que participassem do sistema político de democracia direta do período. Diferentemente dessa conjuntura, a Carta Magna do Estado brasileiro, vigente na contemporaneidade, concede o título de cidadão do Brasil aos indivíduos nascidos em território nacional, de modo que a oficialização dessa condição está atrelada ao registro formal de nascimento. Nesse contexto, convém apresentar que, em virtude da ausência dessa documentação, diversas pessoas passam a enfrentar um quadro de invisibilidade frente à estrutura estatal e, com isso, são privadas da verdadeira cidadania no país. Acerca dessa lógica, é necessário pontuar a dificuldade da parcela da população brasileira, em situação de vulnerabilidade socioeconômica, no acesso ao procedimento de registro civil. Sob esse viés, destaca-se que, segundo relatório de 2019 do Programa das Nações Unidas para o Desenvolvimento, o Brasil é o sétimo país mais desigual do mundo, condição que implica a existência de indivíduos tupiniquins detentores de rendas extremamente baixas, as quais, muitas vezes, não são suficientes para fornecer condições de vida dignas a essas pessoas. A essa linha de raciocínio, os limitantes recursos financeiros podem impossibilitar o deslocamento desses indivíduos até os cartórios, devido aos custos com transporte e, por conseguinte, impedir a realização do registro. Assim, a acentuada desigualdade social da nação dificulta a promoção da documentação pessoal, especialmente, para as classes sociais menos abastadas. Além disso, é importante relacionar a falta do documento de nascimento com o sentimento de invisibilidade desenvolvido pelos indivíduos sem registro, tendo em vista a privação dos direitos sociais, civis e políticos desencadeada pela problemática discutida. Sob essa óptica, somente a partir da certidão de nascimento, pode-se emitir as carteiras de identidade e de trabalho, bem como o título de eleitor e o cadastro de pessoa física. Nesse sentido, o acesso aos programas do governo, a exemplo do auxílio emergencial - assistência financeira concedida durante a pandemia da Covid-19 -, à seguridade social e ao exercício do voto dependem, diretamente, da existência do registro civil. Portanto, a ausência da documentação formal torna parte da população invisível socialmente, já que essas pessoas não podem beneficiar-se dos serviços e das garantias do Estado Democrático de Direito brasileiro. Diante do exposto, conclui-se que o registro civil é um aspecto intrínseco à cidadania no Brasil. Por isso, o Governo Federal deverá propiciar a acessibilidade das populações mais carentes, que sofrem com a falta de acesso à documentação, a esse tipo de serviço, por meio da articulação de unidades móveis para os cartórios do país. No que tange a esse aspecto, os veículos adaptados transportarão os funcionários dos órgãos de registro até as áreas de menor renda “per capita” de seus respectivos municípios, um dia por semana, com o intuito de realizar o procedimento formal de emissão dos documentos de nascimento dos grupos sociais menos favorecidos economicamente. Desse modo, um maior número de brasileiros acessará, efetivamente, a condição de cidadão."
redamil_LucasFelpi,2021,Invisibilidade e registro civil: garantia de acesso à cidadania no Brasil,1000,"A Constituição Federal de 1988, norma de maior hierarquia do sistema jurídico brasileiro, assegura os direitos e o bem-estar da população. Entretanto, quando se observa a deficiência de visibilidade do registro civil como forma de garantir o acesso à cidadania no Brasil, verifica-se que esse preceito é constatado na teoria e não desejavelmente na prática. Dessa forma, essa realidade se deve à inoperância estatal e à alienação social. Primeiramente, vale ressaltar que a débil ação do Poder Público possui íntima relação com o revés. Acerca disso, Thomas Hobbes, em seu livro ""Leviatã"", defende a obrigação do Estado em proporcionar meios que auxiliem o progresso do corpo social. As autoridades, todavia, vão de encontro com a ideia de Hobbes, uma vez que possuem um papel inerte em relação a invisibilidade de pessoas sem o registro civil e, por consequência disso, dados de uma pesquisa estabelecida pelo IBGE, em 2019, estima-se que mais de 2 milhões de pessoas não possuem a certidão de nascimento, mostrando um alto teor de cidadãos em maioria pobres e negros, excluídos de existirem no corpo civil. Assim, parcela dessas vítimas vive à margem da sociedade, pois não existem políticas públicas eficazes como benefícios sociais. Desse modo, é inadiável que a assistência a esses cidadãos seja alcançada, a partir de medidas governamentais. Ademais, uma grande parcela da população se mostra alienada. O intitulado ""Paradoxo da Moral"", é um livro escrito pelo musicólogo Vladimir Jankélévitch para exemplificar a cegueira ética do homem moderno, ou seja, a passividade das pessoas frente aos impasses enfrentados pelo próximo. De maneira análoga, percebe-se que a garantia de acesso à cidadania, encontra um forte alicerce na estagnação social. Essa situação ocorre porque, infelizmente, a sociedade não se movimenta em prol da erradicação dessa problemática, pelo contrário, ela adquire uma posição individualista por não mensurar como a falta de um registro civil causa como, a impossibilidade de retirar outros documentos precisos. Logo, é essencial superar esses preceitos que atestam, sobretudo, um cenário intolerante. Fica evidente, portanto, a necessidade de garantir o acesso à cidadania para todos no Brasil. Destarte, o Governo Federal, responsável por administrar o povo e os interesses públicos, com o apoio do Ministério da Cidadania, a partir de medidas governamentais destinadas à pasta, deve disponibilizar benefícios financeiros sociais para cidadãos que não tenham como pagar a retirada de um registro civil. Essa ação será realizada com o intuito de custear a posse desse documento importante, para que também, a sociedade não naturalize a intolerância que a permeia. Dessa maneira, com a conjuntura de tais ações, os brasileiros verão o direito garantido pela Constituição, como uma realidade"
redamil_LucasFelpi,2021,Invisibilidade e registro civil: garantia de acesso à cidadania no Brasil,1000,"Norberto Bobbio, cientista político italiano, afirma que a democracia é um processo que tem, em seu cerne, o objetivo de garantir a representatividade política de todas as pessoas. Para que o mecanismo democrático funcione, então, é fundamental apresentar uma rede estatal que dê acesso a diversos recursos, como alimentação, moradia, educação, segurança, saúde e participação eleitoral. Contudo, muitos brasileiros, por não terem uma certidão de nascimento, são privados desses direitos básicos e têm seus papéis de cidadãos inviabilizados. Logo, deve-se discutir as raízes históricas desse problema e as suas consequências nocivas. Primeiramente, vê-se que o apagamento social gerado pela falta de registro civil apresenta suas origens no passado. Para o sociólogo Karl Marx, as desigualdades são geradas por condições econômicas anteriores ao nascimento de cada ser, de forma que, infelizmente, nem todos recebem as mesmas oportunidades financeiras e sociais ao longo da vida. Sob esse viés, o materialismo histórico de Marx é válido para analisar o drama dos que vivem sem certificado de nascimento no Brasil, pois é provável que eles pertençam a linhagens familiares que também não tiveram acesso ao registro. Assim, a desigualdade social continua sendo perpetuada, afetando grupos que já foram profundamente atingidos pelas raízes coloniais e patriarcais da nação. Dessa forma, é essencial que o governo quebre esse ciclo que exclui, sobretudo, pobres, mulheres, indígenas e pretos. Além disso, nota-se que esse processo injusto cria chagas profundas na democracia nacional. No livro “Vidas Secas”, de Graciliano Ramos, é apresentada a história de uma família sertaneja que luta para sobreviver sem apoio estatal. Nesse contexto, os personagens Fabiano e Sinhá Vitória tem dois filhos que não possuem certidão de nascimento. Por conta dessa situação irregular, os dois meninos sequer apresentam nomes, o que é impensável na sociedade contemporânea, uma vez que o nome de um indivíduo faz parte da construção integral da sua identidade. Ademais, as crianças retratadas na obra são semelhantes a muitas outras do Brasil que não usufruem de políticas públicas da infância e da adolescência devido à falta de documentos, o que precisa ser modificado urgentemente para que se estabeleça uma democracia realmente participativa tal qual aquela prevista por Bobbio. Portanto, o registro civil deve ser incentivado de maneira mais objetiva no país. O Estado criará um mutirão nacional intitulado “Meu registro, minha identidade”. Esse projeto funcionará por meio da união entre movimentos sociais, comunidades locais e órgãos governamentais municipais, estaduais e federais, visto que é necessária uma ação coletiva visando a consolidação da cidadania brasileira. Com o trabalho desses agentes, serão enviados profissionais a todas as cidades em busca de pessoas que, finalmente, terão suas certidões de nascimento confeccionadas, além de receberem acompanhamento e incentivo para a realização de cadastro em outros serviços importantes do sistema nacional. Por conseguinte, o Brasil estará agindo diretamente para repor suas injustiças históricas e para solidificar sua democracia, de maneira que os seus cidadãos sejam vistos igualmente"
redamil_LucasFelpi,2021,Invisibilidade e registro civil: garantia de acesso à cidadania no Brasil,1000,"Em sua obra “Os Retirantes”, o artista expressionista Cândido Portinari faz uma denúncia à condição de desigualdade compartilhada por milhões de brasileiros, os quais, vulneráveis socioeconomicamente, são invisibilizados enquanto cidadãos. A crítica de Portinari continua válida nos dias atuais, mesmo décadas após a pintura ter sido feita, como se pode notar a partir do alto índice de brasileiros que não possuem registro civil de nascimento, fator que os invisibiliza. Com base nesse viés, é fundamental discutir a principal razão para a posse de documento promover a cidadania, bem como o principal entrave que impede que tantas pessoas não se registrem. Com efeito, nota-se que a importância da certidão de nascimento para a garantia da cidadania se relaciona à sua capacidade de proporcionar um sentimento de pertencimento. Tal situação ocorre, porque, desde a formação do país, esse sentimento é escasso entre a população, visto que, desde 1500, os países desenvolvidos se articularam para usufruir ao máximo do que a colônia tinha a oferecer, visando ao lucro a todo custo, sem se preocupar com a população que nela vivia ou com o desenvolvimento interno do país. Logo, assim como estudado pelo historiador Caio Prado Júnior, formou-se um Estado de bases frágeis, resultando em uma falta de um sentimento de identificação como brasileiro. Desse modo, a posse de documentos, como a certidão de nascimento, funciona como uma espécie de âncora para uma população com escasso sentimento de pertencimento, sendo identificada como uma prova legal da sua condição enquanto cidadãos brasileiros. Ademais, percebe-se que o principal entrave que impede que tantas pessoas no Brasil não se registrem é o perfil da educação brasileira, a qual tem como objetivo formar a população apenas como mão de obra. Isso acontece, porque, assim como teorizado pelo economista José Murilo de Carvalho, observa-se a formação de uma “cidadania operária”, na qual a população mais vulnerável socioeconomicamente não é estimulada a desenvolver um pensamento crítico e é idealizada para ser explorada. Nota-se, então, que, devido a essa disfunção no sistema educacional, essas pessoas não conhecem seus direitos enquanto cidadãos, como o direito de possuir um documento de registro civil. Assim, a partir dessa educação falha, forma-se um ciclo de desigualdade, observado no fato de o país ocupar o 9° lugar entre os países mais desiguais do mundo, segundo o IBGE, já que, assim como afirmado pelo sociólogo Florestan Fernandes, uma nação com acesso a uma educação de qualidade não sujeitaria seu povo a condições de precária cidadania, como a observada a partir do alto número de pessoas sem registro no país. Portanto, observa-se que a questão do alto índice de pessoas no Brasil sem certidão de nascimento deve ser resolvida. Para isso, é necessário que o Ministério da Educação reforce políticas de instrução da população acerca dos seus direitos. Tal ação deve ocorrer por meio da criação de um Projeto Nacional de Acesso à Certidão, a qual irá promover, nas escolas públicas de todos os 5570 municípios brasileiros, debates acerca da importância do documento de registro civil para a preservação da cidadania, os quais irão acontecer tanto extracurricularmente, quanto nas aulas de sociologia. Isso deve ocorrer, a fim de formar brasileiros que, cientes dos seus direitos, podem mudar o atual cenário de precária cidadania e desigualdade."
redamil_LucasFelpi,2021,Invisibilidade e registro civil: garantia de acesso à cidadania no Brasil,1000,"O conceito ""Cidadanias Mutiladas"", do geógrafo brasileiro Milton Santos, explicita que a democracia só é efetiva quando atinge a totalidade do corpo social. A partir dessa perspectiva, é possível observar que a realidade contemporânea brasileira se distancia desse ideal democrático, visto que inúmeros indivíduos ainda permanecem em uma situação de invisibilidade acarretada pela ausência do registro civil- o qual atua como uma ferramenta de garantia de acesso à cidadania no país. Desse modo, é essencial analisar os principais propulsores desse contexto hostil: o descaso governamental e a falha educacional. Sob esse viés analítico, é importante destacar, a princípio, que a inoperância estatal é um fator preponderante para a ocorrência dessa problemática. Esse cenário decorre do fato de que, assim como pontuou o economista norte-americano Murray Rothbard, uma parcela dos representantes governamentais, ao se orientar por um viés individualista e visar um retorno imediato de capital político, negligencia a conservação de direitos sociais indispensáveis, como a garantia de registro civil. Em decorrência dessa indiligência do poder público, cria-se um ambiente propício para a precarização infraestrutural de locais especializados no aporte de documentação pessoalmaterializada na carência de cartórios, sobretudo, em regiões mais afastadas dos centros urbanos. Logo, é notório que a omissão do Estado perpetua o deficitário acesso à cidadania. Além disso, é válido ressaltar que a lacuna no sistema de educação potencializa essa conjuntura. Isso acontece porque, desde o século XX, com a implementação de um formato tradicionalista de ensino pelo ex-presidente Vargas, cristalizou-se um modelo educacional que negligencia o aprendizado de temas transversais, a exemplo de concepções básicas acerca da cidadania. Nessa perspectiva, com o desconhecimento de parte da população- oriundo da escassez instrucional- sobre a relevância da garantia de direitos, há uma invisibilização da situação sofrida por pessoas que não possuem acesso aos documentos basilares, como a certidão de nascimento. Como consequência disso, mantém-se o quadro de ausência de ações sociais efetivas no que tange à reversão desse contexto, fragilizando, com isso, a isonomia presente nas relações democráticas. Dessa forma, é imprescindível combater a falha do processo educacional, visto que marginaliza uma classe da sociedade. É evidente, portanto, a necessidade de medidas que solucionem os desafios impostos à garantia de acesso à cidadania no Brasil. Por isso, o Ministério Público- órgão responsável pela defesa dos interesses sociais- deve, por meio da fiscalização da aplicação dos poderes estatais, pressionar o Estado no que se refere ao aporte de infraestrutura ao setor que oferta o registro civil, a fim de que a retirada desse documento seja ampliada para as diversas regiões do país. Ademais, as instituições escolares públicas e privadas devem, por intermédio de palestras, instruir os alunos acerca da importância da documentação pessoal, com o objetivo de minimizar a invisibilização desse tema e, com isso, estimular atitudes combativas à conjuntura de indivíduos sem registro. Assim, o ideal do geógrafo Milton Santos será, de fato, uma realidade no país"
redamil_LucasFelpi,2021,Invisibilidade e registro civil: garantia de acesso à cidadania no Brasil,1000,"Uma das referências quando o assunto é democracia é a antiga cidade grega Atenas, onde surgiu essa forma de governo com a participação popular na política e a valorização da cidadania, a qual, contudo, era bastante restrita, visto que excluía mulheres, estrangeiros e escravos. Nesse sentido, é possível observar que o Brasil atual vive uma situação análoga à ateniense, dado que, mesmo sendo uma democracia - neste caso, indireta - quase 3 milhões de brasileiros, segundo projeção do IBGE, não possuem registro civil, não sendo, por isso, reconhecidos como cidadãos. Assim, torna-se imprescindível discutir essa situação, pois ela repete erros antigos ao privar grupos sociais da participação democrática e se perpetua por conta da morosidade do Estado que afeta direitos constitucionais. Sob essa ótica, cabe frisar que a garantia de registro civil a todos os brasileiros é essencial e urgente, porque permite a sua participação na sociedade. Acerca disso, o filósofo grego Aristóteles, segundo o conceito de Zoon Politikon, afirmava que o ser humano é um animal político e que a sua finalidade é a obtenção da felicidade, adquirida ao exercer o que lhe é substancial: pensar e viver em sociedade. Dessa forma, evidencia-se a problemática da falta de acesso à cidadania no Brasil, uma vez que as pessoas que não são reconhecidas pelo Estado, devido à falta de documentação, são, por conseguinte, privadas da participação política e negligenciadas pela sociedade, impedidas de exercer a sua finalidade e de alcançar a felicidade. Ademais, é válido apontar que essa exclusão política e social vem sendo perpetuada pela lentidão administrativa do Estado. Nesse contexto, relembra-se que o sociólogo Gilberto Dimenstein, em sua obra “O Cidadão de Papel”, afirma que, embora o Brasil possua um sólido aparato legislativo, ele mantém-se restrito ao plano teórico. Dessa maneira, verifica-se a materialização do apontado por Dimenstein no fato de que os direitos previstos na Constituição Cidadã de 1988 não são garantidos a todos os brasileiros na prática, o que ocorre em grande parte devido à burocracia e à morosidade do Estado, que dificultam o registro dessas pessoas. Logo, sem documento, esses cidadãos invisíveis são privados do pleno acesso aos seus direitos constitucionais. Portanto, infere-se que é mister que o Estado - cumprindo seu papel de garantir a cidadania a todos os brasileiros e de efetivar a Constituição Federal - combata as razões de sua própria lentidão, por meio do destino de verbas para a construção de novas zonas de registro e para a contratação de profissionais para esse fim. Isso deve ser feito a fim de que não mais existam grupos excluídos da participação democrática, como ocorria em Atenas, e se garantam a cidadania e os direitos, além da plena vivência política, a toda a população do Brasil"
redamil_LucasFelpi,2021,Invisibilidade e registro civil: garantia de acesso à cidadania no Brasil,1000,"A Declaração Universal dos Direitos Humanos busca garantir a todos os cidadãos pleno acesso aos direitos básicos, como saúde e educação, além de preservar a integridade e dignidade da pessoa humana. Entretanto, tais garantias são negligenciadas quando indivíduos não conseguem obter o registro civil, documento que garante acesso à cidadania no Brasil e previne a invisibilidade social. Dessa forma, a ausência desse documento causa a marginalização do povo e impede a ascensão social dos brasileiros. Deve-se destacar, primeiramente, que a falta da certidão de nascimento gera a marginalização do corpo social. Nesse sentido, a obra ""Vidas Secas"", do autor Graciliano Ramos, retrata a vida de indivíduos que, por não possuírem registro civil, não possuem nomes próprios, não conseguem acesso aos direitos mais básicos, como moradia e alimentação, e são submetidos à situação análoga à escravidão. Desse modo, quando cidadãos não têm acesso a esse documento, são excluídos da sociedade e não conseguem recorrer às autoridades estatais para a defesa de seus direitos, visto que, para isso, necessitam de documentos oficiais. Logo, compara-se que a ausência desse registro causa a marginalização de indivíduos no Brasil. Além disso, a falta dessa certificação civil impede a ascensão social dos brasileiros. Sob essa perspectiva, a Constituição Federal Brasileira garante, em seu 6° artigo, que todo cidadão tem direito de acesso à saúde, à educação, ao trabalho, à moradia, entre outros, objetivando assegurar não só direitos básicos, como também a possibilidade de ascender socialmente. Contudo, quando uma pessoa não consegue obter esse documento, todas as suas garantias fundamentais são negligenciadas, impedindo que esse cidadão frequente a escola, obtenha registro trabalhista, acesse a universidade e alcance bons salários e alto nível de instrução profissional. Com isso, a ausência da certidão de nascimento impede a ascensão social dos brasileiros. Portanto, para mitigar a invisibilidade causada pela inexistência do registro civil e garantir o acesso à cidadania, cabe ao Governo Federal ampliar as formas de obter a certidão de nascimento, por meio da criação de pontos de registro civil em prédios públicos - como escolas e hospitais -, a fim de facilitar e ampliar a obtenção desse documento. Ademais, as Organizações não Governamentais - instituições sem fins lucrativos, que buscam defender uma causa - devem organizar movimentos para cadastro civil, nas quais conduzirão a população até o cartório mais próximo, para que se reduza o número de brasileiros não registrados. Assim, o propósito principal da Declaração Universal dos Direitos Humanos será realidade no Brasil."
redamil_LucasFelpi,2022,Desafios para a valorização de comunidades e povos tradicionais no Brasil,1000,"Na minissérie documental “Guerras do Brasil.doc”, presente na plataforma Netflix, o professor indígena Ailton Krenak propõe a reflexão acerca da dizimação dos povos originários a partir de perspectivas atuais, em que é retratada a história sob o olhar do esquecimento e da violência contra esses povos, a despeito da sua riqueza cultural e produtiva. Essas formas de desvalorização das comunidades tradicionais do Brasil são respaldadas, dentre outros fatores, pela invisibilização histórica desses atores sociais no ensino básico e pelo preconceito que rege o senso comum. Dessa forma, é imprescindível a intervenção sociogovernamental, a fim de superar os desafios mencionados. Com efeito, cabe destacar a exclusão generalizada dos aspectos históricos e culturais referentes às etnias tradicionais dentro do sistema educacional como fator proeminente à perpetuação da desvalorização do grupo em questão, uma vez que, sendo a escola um dos núcleos de integração social e informacional, a carência de estímulos ao conhecimento dos povos nativos provoca desconhecimento, e consequentemente, o cidadão comum não tem base da informação acerca da indispensabilidade das comunidades originárias à formação do corpo social brasileiro. Nesse sentido, os versos “Nossos índios em algumas poucas memórias/Os de fora nos livros das nossas escolas”, da banda cearense Selvagens a Procura de Lei, ilustram a construção do ensino escolar pautada no esquecimento dessa minoria, de maneira a ampliar sua desvalorização. Assim, é constatável a estreita relação entre as lacunas na educação e o fraco reconhecimento dos povos e das comunidades tradicionais. Ademais, vale ressaltar o preconceito cultivado no ideário popular como empecilho à importância atribuída aos povos nativos, posto que, em decorrência da baixa representatividade em ambientes escolares, como mencionado anteriormente, e do baixo respaldo cultural, marcado por estereótipos limitantes e etnocentristas, isto é, que supõem superioridade de uma etnia em relação à outra, há formação de estigmas sobre pessoas dessas minorias e, por conseguinte, não há o reconhecimento de suas ricas peculiaridade. Seguindo essa linha de raciocínio, é possível estabelecer conexões entre a atualidade e a carta ao rei de Portugal escrita por Pero Vaz de Caminha, no momento da chegada dos portugueses ao Brasil, de forma que a perspectiva do navegador em relação ao indígena, permeada de suposta inocência, maleabilidade e passividade, pouco alterou-se na concepção atual, evidenciando a prepotência e a altivez que são implicações da ignorância e do silenciamento das fontes tradicionais. Então, são necessárias medidas de mitigação dessa problemática para o alcance do bem-estar da sociedade. Em suma, entende-se o paralelo entre a desvalorização dos povos nativos e o apagamento histórico destes, além do preconceito sobre este grupo, de modo a urgir atenuação do cenário exposto. Para isso, cabe ao Ministério da Educação a ampliação do ensino histórico e cultural do acervo tradicional, por meio da reformulação das bases de assuntos abordados em sala de aula e da contratação de profissionais dessas etnias, com o objetivo de pluralizar as narrativas e evitar a exclusão provocada por apenas uma história, em consonância com o livro da escritora angolana Chimamanda Ngozie Adichie “O perigo da história única”. Também, é papel dos veículos culturais, como a mídia, a representação ampla e fidedigna desses grupos, com o fito de minorar a visão estigmatizada do que foi construída. Com isso, o extermínio simbólico denunciado por Krenak será minguado"
redamil_LucasFelpi,2022,Desafios para a valorização de comunidades e povos tradicionais no Brasil,1000,"O poema “Erro de Português”, do escritor modernista Oswald de Andrade, retrata o processo de aculturação dos indígenas durante a colonização do Brasil. Atualmente, no país, ainda existem inúmeros desafios para a valorização de comunidades e povos tradicionais devido, sobretudo, à ineficiência estatal histórica em assistir esses indivíduos e ao desconhecimento, por grande parte da população, sobre a diversidade e a importância desses grupos. É necessário destacar, de início, o descaso do Poder Público em assegurar, de maneira efetiva, os direitos fundamentais às comunidades tradicionais. De fato, o Estado, historicamente, negligenciou a proteção de organizações sociais distintas, tais quais ciganos, quilombolas e indígenas e, muitas vezes, legitimou a dissolução da cultura desses povos, prova disso foi, durante o período de Ditadura Militar, a adoção de uma política assimilacionista, isto é, de integração dos grupos nativos aos costumes da sociedade citadina como tentativa de extinguir determinadas tradições. Dessa forma, as populações tradicionais são desvalorizadas e, não raro, não reconhecidas pelo Governo, conjuntura que impossibilita seu pleno exercício de dignidade, tendo em vista a dificuldade de acesso a direitos sociais imprescindíveis para seu bem-estar e para a perpetuação de seus saberes ao longo das gerações, necessários para a manutenção de uma identidade coletiva associada ao reconhecimento de sua ancestralidade. Além da ineficiência do Estado, o desconhecimento dessa diversidade cultural por parte de muitos indivíduos acentua a desvalorização dos povos tradicionais. Notadamente, a invisibilidade de comunidades históricas compromete o desenvolvimento de senso crítico frente à importância dessas organizações sociais para a construção identitária do país, cenário que comprova o pensamento da escritora brasileira Cecília Meireles, em sua obra “Crônicas da Educação”, na qual consigna: a educação é fundamental para a orientação individual, ou seja, para a criticidade das inúmeras situações da vida social. Conforme esse raciocínio, a sociedade não valoriza devidamente as populações ancestrais e, diversas vezes, segrega essas coletividades por não conhecer sua relevância para a cultura nacional, comprometendo, assim, a manifestação de suas tradições relacionadas ao sentimento de pertencimento e ao modo de viver em harmonia não só com o espaço,mas também com os outros sujeitos. É imprescindível, portanto, que Estado, aliado à esfera municipal e estadual de poder, proteja, efetivamente, as comunidades tradicionais do Brasil, por intermédio de políticas públicas voltadas para o reconhecimento oficial de povos ancestrais negligenciados, como extrativistas e pescadores, bem como para a promoção de direitos às diversas organizações culturais – com a demarcação de terras indígenas e quilombolas e a visita periódica de agentes do Governo que documentem as necessidades de cada grupo -, a fim de proporcionar o exercício de dignidade para esses indivíduos. Urge, também, que a escola possibilite o conhecimento sobre essas populações, mediante palestras e aulas extracurriculares – com profissionais da área de história e de antropologia, que demonstrem a importância dessas comunidades -, com o intuito de incentivar a criticidade dos estudantes sobre a valorização de povos tradicionais."
redamil_LucasFelpi,2022,Desafios para a valorização de comunidades e povos tradicionais no Brasil,1000,"O filme ""Encanto"" apresenta - por meio das memórias da avó da protagonista - um cenário de conflito, marcado pelo desespero de uma aldeia colombiana frente ao ataque e à consequente desterritorialização forçada de centenas de indivíduos. Assim, embora desamparados e impactados pela violência, os ancestrais de Mirabel, a personagem principal, tentam sobreviver, enquanto comunidade, estabelecendo-se em outro local e perpetuando sua cultura, sua sabedoria e seus costumes às futuras gerações. Fora dos limites da ficção, a exclusão e a opressão que atravessam as comunidades e os povos tradicionais do Brasil se expressam, assim como no filme, através de inúmeros casos que revelam o cerceamento dos direitos sociais básicos desses grupos. Dito isso, em um cenário de acentuada negligência estatal, indígenas, quilombolas, populações ribeirinhas e outras identidades vivem em condições de extrema vulnerabilidade, privados de serviços públicos essenciais como educação, saúde, saneamento básico e afins. Nesse contexto, Milton Santos estabelece o conceito de cidadania mutilada, que se refere a indivíduos que, por conta das desigualdades socioeconômicas, têm seu status de cidadãos ameaçado. Dessa forma, abandonados por um Estado que deveria assegurar suas necessidades humanas básicas, esses grupos enfrentam, diariamente, a precarização crescente de sua qualidade de vida e, consequentemente, do exercício de sua cidadania. Assim, a valorização e a segurança dessas minorias são ameaçadas pelo descaso e pela negligência de um governo que exclui e fragiliza a identidade de seus cidadãos. Ademais, para além da segregação que sofrem por parte do Estado, as comunidades e povos tradicionais contam com manifestações de preconceito e de violência que lhes são direcionadas por outros brasileiros. Com isso em mente, a filósofa Marilena Chauí estabelece que uma sociedade, ao encarar a intolerância e a exclusão como atitudes legítimas por parte de seus governantes, instiga a população a agir de forma cada vez mais hierarquizada e autoritária. Desse modo, aldeias indígenas, quilombos e outros territórios ocupados por povos tradicionais são constantemente atacados por brasileiros que reproduzem a violência do Estado para com esses grupos marginalizados. Em um cenário como esse, o respeito e o cuidado que uma sociedade deveria ter com seus integrantes são substituídos por situações em que a vida e a integridade dos povos tradicionais são colocados em risco. Em suma, a valorização e a preservação da cultura e da identidade de comunidades brasileiras tradicionais exigem o acesso pleno desses indivíduos aos seus direitos humanos básicos. Com isso em mente, o Estado - promotor do bem-estar social - deve garantir, por meio da mobilização de recursos para a elaboração de políticas públicas, o acesso à moradia, aos serviços básicos de educação e saúde e ao saneamento básico, visando atender as demandas desses grupos marginalizados. Concomitantemente, as escolas devem assegurar aos brasileiros uma formação educacional que promova a inclusão, através de um processo de ensino-aprendizagem que valorize a diversidade, buscando mitigar as condições sociais degradante denunciadas por Milton Santos e por Marilena Chauí."
redamil_LucasFelpi,2022,Desafios para a valorização de comunidades e povos tradicionais no Brasil,1000,"Na série brasileira ""Cidade Invisível"", parte da trama é composta por uma população ribeirinha – que utiliza os recursos da floresta e do rio para subsistência – sendo ameaçada por uma empresa em busca de lucro com a exploração da região. Fora da ficção, esse cenário é verossímil com a realidade do país, já que há uma nociva marginalização dos povos tradicionais, como indígenas, ciganos e populações ribeirinhas. Nesse sentido, a expansão do capital e do preconceito são desafios importantes para a valorização desses indivíduos. Diante do exposto, nota-se que o crescimento econômico desenfreado gera conflitos para as comunidades originais. Isso porque, atualmente, a expansão do capital ocorre em detrimento da existência desses povos, já que, no Brasil, a acumulação financeira está intimamente relacionada ao uso da terra, ocupada, em parte, por grupos tradicionais. Um exemplo disso é o fenômeno geográfico e econômico da invasão de espaços historicamente indígenas pelos produtores de soja – principal produto do agronegócio brasileiro – para plantarem mais e, assim, lucrarem mais com a exportação dessa mercadoria. Sob tal ótica, os cidadãos nativos perdem brutalmente seus territórios e seus direitos básicos de moradia devido à lógica empresarial de lucrar a todo custo. Logo, o Estado precisa agir ativamente em relação a essa situação hostil a que os indígenas estão sendo submetidos. Ademais, observa-se que o preconceito é um obstáculo para o enfrentamento da temática. Tal premissa deve-se à disseminação massiva – oriunda de uma herança eurocêntrica que desvaloriza culturas distintas – de estereótipos degradantes sobre grupos minoritários, como quilombolas e ciganos. Consequentemente, há a criação, no imaginário social, de uma visão negativa acerca desses povos, gerando uma marginalização e uma exclusão deles em relação à sociedade. Para ilustrar, nota-se a animação ""O Corcunda de Notre Dame"", na qual uma personagem cigana é fortemente desrespeitada e invisibilizada socialmente devido ao preconceito contra essa cultura. Fora das telinhas, apesar de ficcional, a obra retrata uma situação que é a terrível realidade de muitos povos tradicionais. Então, essa discriminação precisa ser urgentemente combatida pelas escolas. Fica evidente, portanto, que mudanças são importantes para a atenuação da atual conjuntura brasileira. A princípio, cabe ao Estado – responsável pelo bem-estar do povo – mediar os conflitos entre empresários agricultores e grupos tradicionais, por meio da proteção dos territórios ocupados por essas minorias, da fiscalização constante de tais locais e da aplicação de multas aos infratores, no afã de assegurar as moradas da população nativa e de conter o avanço desmedido do capital. Concomitantemente, é dever das escolas – principais responsáveis pela formação crítica cidadã – impedir a disseminação de preconceitos contra grupos tradicionais, por intermédio de palestras informativas e de rodas de conversa sobre o tema, com o fito de educar a nova geração para incluir e para acolher os pertences a esses povos. Assim, será possível, enfim, que a série ""Cidade Invisível"" não seja mais tão verossímil com o contexto do Brasil."
redamil_LucasFelpi,2022,Desafios para a valorização de comunidades e povos tradicionais no Brasil,1000,"O documentário “Guerras do Brasil”, que tem participação do ativista indígena Ailton Krenak, apresenta, em seu primeiro episódio, a perspectiva dos povos originários em relação ao processo de colonização brasileiro, ressaltando a manutenção da luta dessas comunidades pela conservação da cultura e preservação da natureza na atualidade. A partir desse cenário, é necessário avaliar os obstáculos que impedem a valorização efetiva dos povos tradicionais no Brasil, o que está associado à relação conflituosa com o modelo econômico agroexportador brasileiro, bem como à visão de parte da sociedade que inferioriza organizações sociais que se diferenciam do padrão ocidental. De início, é importante observar a contraposição existente entre a forma como as comunidades originárias e uma parcela da população lidam com a natureza. Nesse contexto, destaca-se o modelo de colonização do Brasil, chamado de “colônia de exploração”, o qual estabeleceu uma economia pautada na exploração dos recursos naturais em vista da possibilidade do lucro. Esse tipo de visão, que é observado, na atualidade, pela manutenção de um modelo econômico agroexportador, se opõe à visão dos povos tradicionais em relação à natureza, os quais estabelecem uma íntima relação de reciprocidade, identificando, nesse local, a sua fonte de sobrevivência e de moradia. Como consequência dessas realidades opostas, alguns indivíduos consideram a população originária contrária ao progresso econômico buscado pelo capitalismo, o que impede a valorização do saber desses povos sobre a natureza. Além disso, percebe-se a existência de um pensamento que estabelece uma relação de hierarquização entre os povos brasileiros, o que impede o reconhecimento efetivo das comunidades tradicionais. Nesse sentido, evidencia-se a disseminação, durante o processo de colonização brasileiro, do mito do “Bom Selvagem”, em que os nativos foram caracterizados como ingênuos e puros, sendo passíveis de serem civilizados pela cultura ocidental, desconsiderando a organização social já existente entre esses povos. Consequentemente, devido à desqualificação da noção própria de organização dessas comunidades culturalmente diferenciadas, observa-se a inferiorização de costumes e hábitos não ocidentais, impedindo uma visão de igualdade que permite a valorização dos povos tradicionais. Portanto, conclui-se que o Governo Federal, em parceria com o Ministério da Educação, deve promover o reconhecimento das características singulares de cada comunidade tradicional brasileira, por meio de debates com lideranças desses grupos com a população, o que pode ser realizado em instituições públicas, como as escolas, bem como em ambientes virtuais, como as redes sociais, a fim de garantir a valorização plena desses povos que pertencem à noção. Ademais, é relevante que se estabeleçam relações mais amistosas entre o ser humano e a natureza, a partir da valorização dos saberes tradicionais"
redamil_LucasFelpi,2022,Desafios para a valorização de comunidades e povos tradicionais no Brasil,1000,"De acordo com os pensadores estoicos, o ser humano deveria viver em harmonia com a natureza, buscando um bem geral. Contudo, observa-se, no Brasil, a desvalorização de pessoas que seguem tal proposta de respeito ao meio natural, como as comunidades e povos tradicionais. Essa realidade é fruto de um etnocentrismo histórico, além de refletir a lógica de perseguição por lucro do sistema capitalista. Sendo assim, faz-se necessário analisar os desafios desse cenário, a fim de garantir a igualdade a todos os brasileiros. Nesse sentido, cabe ressaltar as raízes históricas da desvalorização dos povos tradicionais, como os indígenas. Isso pode ser verificado no etnocentrismo vigente no país desde a sua colonização, haja vista o desprezo dos europeus pela população local, interpretando-a como “selvagem”. A partir de então, os indígenas sofreram violência simbólica – termo apresentado pelo sociólogo Pierre Bourdieu- pois, mesmo sem coerção física, estavam sujeitos a diversas formas de manipulação, como a cultural. Prova disso foi a atuação dos jesuítas no processo de cristianização desses indivíduos ao negar suas crenças e impor a fé católica. Logo, a hierarquização dos povos é antiga no Brasil, fato que desencadeou a desvalorização atual de certas comunidades. Além disso, o país está inserido em um sistema capitalista de produção, o qual visa, primordialmente, ao lucro. Segundo o conceito de reificação, proposto pelo sociólogo Karl Marx, o valor do indivíduo está em sua contribuição para o capitalismo. Sob essa óptica, tendo em vista que eles buscam apenas a subsistência, os povos tradicionais são desvalorizados pela sociedade, porque não colaboram, diretamente, com a geração de riqueza. Desse modo, são apagados do corpo social e precisam reafirmar os seus direitos, devido à violação de suas necessidades, como a natureza – produto de exploração da esfera econômica. Portanto, urge que a mídia televisiva, responsável pela difusão de informações e entretenimento, por meio de documentários e novelas, retrate o cotidiano de comunidades e povos tradicionais no Brasil, apresentando sua cultura de forma positiva, com o intuito de legitimar os diferentes modos de vida a romper com o etnocentrismo histórico. Ademais, cabe à escola, instituição de transformação de valores, apresentar a natureza de uma maneira desvinculada do capitalismo e ressaltar sua importância a todos. Assim, espera-se um país que siga a proposta de estoicismo e valorize os povos tradicionais."
redamil_LucasFelpi,2022,Desafios para a valorização de comunidades e povos tradicionais no Brasil,1000,"O Romantismo foi um movimento literário do século XIX que ficou marcado, em sua fase indianista, pela exaltação do indígena como herói nacional de suma importância para a formação identitária dos brasileiros. A atualidade, entretanto, distancia-se lamentavelmente dessa concepção ao apresentar desafios para a valorização não apenas de tal etnia, mas de comunidades e povos tradicionais como um todo. Nesse sentido, para reverter essa problemática, é necessário compreender como a negligência do governo e a falha da educação contribuem para constituir um cenário tão divergente do proposto pela escola romântica. De início, é fundamental ressaltar que o descaso governamental desvaloriza os povos tradicionais do Brasil. O conceito ""cidadãos de papel"", desenvolvido por Gilberto Dimenstein, diz respeito a indivíduos os quais, apesar de possuírem garantias na teoria de um documento legal, não possuem acesso prático a elas e são privados de direitos básicos que asseguram sua dignidade. Sob tal ótica, percebe-se que a descrição formulada pelo jornalista define fielmente a situação enfrentada pelos integrantes dessas comunidades, uma vez que, apesar de munidos de aparatos constitucionais de reconhecimento e preservação, são constantemente cuidados por um governo negligente que não se preocupa em protegê-los ou conservá-los. Esse quadro perverso é visível com a demarcação de territórios, a qual se torna ineficiente por ser conduzida por governantes que não respeitam o caráter topofílico de apego à terra de, por exemplos, ribeirinhos e pescadores e a utilizam para aumentar o lucro advindo de atividades agropecuárias. Logo, nota-se como a displicência do Estado prejudica a valorização de grupos tradicionais ao corromper o lugar físico e, consequentemente, a existência deles. Ademais, é importante salientar que a educação, por ser falha, não dá a devida importância às comunidades da tradição brasileira. ""Escola gaiola"" é como Rubem Alves define a instituição de ensino que aprisiona o estudante a concepções engessadas e pouco reflexivas. Nessa perspectiva, o educador consegue definir com propriedade o sistema educacional do país, o qual, por priorizar a aplicação de conteúdos técnicos e de provas, não desenvolve, em crianças e adolescentes, a percepção da relevância real que os povos tradicionais têm para a cultura. Esse panorama é perceptível na forma como escolas abordam a celebração do Dia do Índio, no qual os indígenas são reduzidas a adornos folclóricos e fantasias em detrimento de serem valorizados por seus saberes e profundo conhecimento da natureza. Assim, ao terem como base de conhecimento uma abordagem superficial e restrita acerca dessa classe social, são formados adultos que não a valorizam e que pode, até mesmo, causar o apagamento cultural dela. Forma-se evidente, portanto, que é necessário contornar os desafios para a valorização de comunidades e povos tradicionais. Nesse viés, cabe ao Governo aprimorar políticas de demarcação de territórios por meio da contratação de corpo técnico para realizar tal processo, a fim de que integrantes desses grupos sejam protegidos e preservados. Além disso, o Ministério da Educação deve investir em mecanismos culturalmente educativos por meio do direcionamento de verbas à organização de seminários e palestras, os quais, ao contarem com a participação de indianistas e antropólogos, possam transmitir conhecimento real e profundo acerca de figuras da tradição brasileira. Com base nessas medidas, é possível que povos tão contribuintes para a cultura nacional sejam devidamente respeitados e valorizados, assim como proposto pela literatura romântica indianista do século XIX"
redamil_LucasFelpi,2022,Desafios para a valorização de comunidades e povos tradicionais no Brasil,1000,"“Tu achas que sou uma selvagem/E que conheces o mundo/ Tu pensas que esta terra te pertence.” Os versos do filme da Disney “Pocahontas” revelam a percepção de uma indígena norte-americana diante da chegada de colonizadores ingleses em sua terra. Nesse contexto de desvalorização dos povos locais, evidencia-se a similaridade da obra com o cenário brasileiro, dada a falta de reconhecimento atribuída às comunidades tradicionais do país. Dessa forma, os desafios para a valorização de tais populações apoiam-se seja na carente abordagem do tema na educação e na mídia, seja na lógica predatória do mercado capitalista vigente no território nacional. Nesse viés, constata-se que as escolas e os aparatos de comunicação do Brasil, frequentemente, não se preocupam em proporcionar informações e discussões sobre a temática. Sob essa perspectiva, o conceito de “Epistemicídio”, cunhado pelo sociólogo Boaventura de Sousa Santos, revela o apagamento e a posterior morte de modos de vida, de saberes e de valores de grupos sociais, bem como o favorecimento dos desígnios do colonialismo em detrimento da diversidade cultural. Tal ideia apresenta-se extremamente presente na sociedade brasileira, uma vez que, na maioria dos casos, as instituições escolares e os veículos midiáticos disseminam a cultura hegemônica, negligenciando as tradições dos povos originários – a exemplo da história do país ensinada nas salas de aula, baseada na perspectiva europeia, além dos filmes, das músicas e dos livros disseminados na mídia. Por conseguinte, por não ser suficientemente debatido nas principais instâncias da nação, o reconhecimento dessas comunidades é dificultado, sendo, dessa maneira, silenciado no país. Ademais, a economia do Brasil, baseada principalmente no lucro, é responsável por prejudicar a relação das populações tradicionais com a terra, sua principal fonte de sobrevivência. Diante disso, o “Princípio da responsabilidade”, ideia desenvolvida pelo filósofo Hans Jonas, defende que os seres humanos devem tomar decisões comprometidas com a coletividade e com o futuro social, e não apenas com interesses individuais a curto prazo. No entanto, observa-se que as autoridades governamentais não cumprem tal proposta, pois as demandas das sociedades dependentes diretamente da natureza são gravemente afetadas perante a expansão da fronteira agropecuária, as queimadas e os desmatamentos – práticas de interesse ao agronegócio, indústria altamente lucrativa. Logo, a irresponsabilidade do poder público impede a garantia da dignidade dos povos locais, os quais têm sua fonte de moradia, de alimentação e de tradições destruída. Portanto, frente à negligência da educação e da mídia e à lógica predatória do mercado econômico, cabe ao Ministério da Educação, a fim de promover maior reconhecimento às comunidades originárias no cenário nacional, ampliar a discussão sobre esses indivíduos nas instituições de ensino e na mídia, por meio da veiculação de campanhas educativas nos aparatos de comunicação e da realização de palestras mensais sobre o assunto nas escolas – as quais devem contar com a participação de povos locais. Além disso, o Ministério Público deve minimizar a degradação do meio ambiente brasileiro, por intermédio da elaboração de legislações e de fiscalizações mais rígidas para as empresas do agronegócio, com o objetivo de garantir o direito pleno à terra para as comunidades tradicionais. Assim, o sentimento de Pocahontas não será reproduzido nesses sujeitos."
redamil_LucasFelpi,2022,Desafios para a valorização de comunidades e povos tradicionais no Brasil,1000,"A Agenda ONU 2030, plano do qual o Brasil é signatário, prevê como
um de seus objetivos o desenvolvimento sustentável pautado no respeito à
diversidade cultural. No entanto, a realidade diverge do documento, tendo em
vista os desafios para a valorização de comunidades e povos tradicionais no
Brasil, que dificultam a troca sustentável entre a sociedade e a natureza. Dessa
forma, é fundamental compreender como a falha educacional e a
governamental intensificam o infame cenário nacional vigente.
De início, convém analisar a negligência das instituições de ensino
como óbice à valorização de comunidades e povos tradicionais no país. Sob a
ótica da socióloga Martha Nussbaum, o conteúdo informacional a que o
indivíduo tem acesso modula a sua perspectiva e a sua forma de apreensão
da realidade, exercendo influência direta sobre suas ações diante de questões
sociais. Ao ser inserido em um contexto de pífia ou de inexistente abordagem
acerca da diversidade cultural brasileira, expressa principalmente nas
comunidades e nos povos tradicionais, o indivíduo apresenta uma formação
intelectual caracterizada por lacunas de conhecimento sobre a composição da
sociedade. Nesse sentido, o sujeito torna-se incapaz de valorizar diferentes
comunidades e povos tradicionais do território nacional, uma vez que não
apresenta informações suficientes sobre a existência e sobre as atribuições
desses grupos ao país - das quais destaca-se o amplo conhecimento da
natureza e da preservação para a manutenção da sua biodiversidade.
Além disso, vale ressaltar a falha governamental como desafio à
valorização de comunidades e povos tradicionais no Brasil. Sob esse viés, a
exportação de “commodities”, como a soja e o milho, realizada pelo
agronegócio brasileiro, contribui para o destaque do país como um dos
maiores produtores mundiais, fato que acarreta altos investimentos e apoio
governamental a esse setor. Embora benéfico para o PIB nacional, o modo de
produção agrícola moderno é nocivo aos povos e às comunidades tradicionais
do Brasil, visto que é marcado pela intensa exploração da terra e dos recursos
naturais, que são, majoritariamente, a base da vida desses grupos sociais -
tendo em vista o uso da natureza como meio de subsistência e como forma
de manter laços ancestrais ao longo de suas histórias. Nessa perspectiva, por
valorizar o desenvolvimento econômico em detrimento dos povos e das
comunidades, o governo brasileiro insere-se na teoria de “Instituição Zumbi”,
na qual o sociólogo Bauman afirma que, por não promoverem os aparatos
necessários ao desenvolvimento de uma sociedade - como os grupos
tradicionais - algumas instituições perdem o seu valor social. Assim, o governo
mostra-se um desafio para a valorização de populações tradicionais,
colocando em risco a identidade e a vida delas.
Portanto, ficam claros os óbices à valorização de povos e comunidades
tradicionais do Brasil. Para combatê-los, é dever do Ministério da Educação -
devido a sua responsabilidade sobre a formação intelectual dos brasileiros -
ampliar o conhecimento da população sobre os grupos tradicionais. Tal ação
será realizada por meio de projetos educacionais semanais - os quais serão
distribuídos por todo o território nacional - com a finalidade de tornar os
brasileiros aptos a valorizar os povos e as comunidades tradicionais do país.
Ademais, cabe ao Governo Federal promover apoio a esses grupos e a sua
forma de utilizar a natureza em detrimento do agronegócio. Como efeito, a
Agenda ONU será cumprida e os povos, valorizados."